<?xml version="1.0"?>
<mtf:NavalSituationReport xmlns:mtf="urn:nato:mtf:app-11(d):1:navsitrep" xmlns:xsi="http://www.w3.org/2001/XMLSchema-instance" mtfid="NAVSITREP" xsi:schemaLocation="urn:nato:mtf:app-11(d):1:navsitrep Schemas/messages.xsd">
	<ExerciseIdentification>
		<Amplification>
			<FreeText xml:space="preserve">CWIX23 DEU MEXSweb</FreeText>
		</Amplification>
		<ExerciseNickname>CWIX23</ExerciseNickname>
	</ExerciseIdentification>
	<MessageIdentifier>
		<MessageTextFormatIdentifier>NAVSITREP</MessageTextFormatIdentifier>
		<Standard>APP-11(D)</Standard>
		<Version>1</Version>
		<Originator>CC073</Originator>
		<ReferenceTimeOfPublication>
			<MonthNameAbbreviated>MAY</MonthNameAbbreviated>
		</ReferenceTimeOfPublication>
		<MessageSecurityPolicy>NATO</MessageSecurityPolicy>
		<MessageClassification>
			<SecurityClassificationExtended>UNCLASSIFIED</SecurityClassificationExtended>
		</MessageClassification>
	</MessageIdentifier>
	<GeodeticDatum>
		<GeodeticDatum>WGE</GeodeticDatum>
	</GeodeticDatum>
	<PlaceDefinition>
		<PlaceName>BLACKWATER</PlaceName>
		<Place>
			<LatitudeAndLongitudeMinutes04DecimalPlaces>
				<LatitudeDegrees>57</LatitudeDegrees>
				<LatitudeMinutes04DecimalPlaces>17.5886</LatitudeMinutes04DecimalPlaces>
				<LatitudinalHemisphere>N</LatitudinalHemisphere>
				<Hyphen>-</Hyphen>
				<LongitudeDegrees>018</LongitudeDegrees>
				<LongitudeMinutes04DecimalPlaces>00.6427</LongitudeMinutes04DecimalPlaces>
				<LongitudinalHemisphere>E</LongitudinalHemisphere>
			</LatitudeAndLongitudeMinutes04DecimalPlaces>
		</Place>
	</PlaceDefinition>
	<PlaceDefinition>
		<PlaceName>REDWATER</PlaceName>
		<Place>
			<LatitudeAndLongitudeMinutes04DecimalPlaces>
				<LatitudeDegrees>64</LatitudeDegrees>
				<LatitudeMinutes04DecimalPlaces>52.0564</LatitudeMinutes04DecimalPlaces>
				<LatitudinalHemisphere>N</LatitudinalHemisphere>
				<Hyphen>-</Hyphen>
				<LongitudeDegrees>022</LongitudeDegrees>
				<LongitudeMinutes04DecimalPlaces>50.4345</LongitudeMinutes04DecimalPlaces>
				<LongitudinalHemisphere>E</LongitudinalHemisphere>
			</LatitudeAndLongitudeMinutes04DecimalPlaces>
		</Place>
	</PlaceDefinition>
	<PlaceDefinition>
		<PlaceName>GOLDWATER</PlaceName>
		<Place>
			<LatitudeAndLongitudeMinutes04DecimalPlaces>
				<LatitudeDegrees>59</LatitudeDegrees>
				<LatitudeMinutes04DecimalPlaces>27.3745</LatitudeMinutes04DecimalPlaces>
				<LatitudinalHemisphere>N</LatitudinalHemisphere>
				<Hyphen>-</Hyphen>
				<LongitudeDegrees>021</LongitudeDegrees>
				<LongitudeMinutes04DecimalPlaces>17.4902</LongitudeMinutes04DecimalPlaces>
				<LongitudinalHemisphere>E</LongitudinalHemisphere>
			</LatitudeAndLongitudeMinutes04DecimalPlaces>
		</Place>
	</PlaceDefinition>
	<EffectiveTime>
		<EffectiveTime>
			<Day>31</Day>
			<HourTime>12</HourTime>
			<MinuteTime>16</MinuteTime>
			<TimeZone>Z</TimeZone>
			<MonthNameAbbreviated>MAY</MonthNameAbbreviated>
			<Year4Digit>2023</Year4Digit>
		</EffectiveTime>
	</EffectiveTime>
	<NavalForce>
		<NavalDesignation>
			<UnitName>CARRIER BENII</UnitName>
		</NavalDesignation>
		<Location>
			<PlaceName>4530.3505N-02326.150</PlaceName>
		</Location>
		<DtgAtLocation>
			<Day>31</Day>
			<HourTime>12</HourTime>
			<MinuteTime>18</MinuteTime>
			<TimeZone>Z</TimeZone>
			<MonthNameAbbreviated>MAY</MonthNameAbbreviated>
			<Year4Digit>2023</Year4Digit>
		</DtgAtLocation>
		<SpeedOrMovement>
			<CourseInDegreesTrueAndSpeedInKnots>
				<CourseInDegreesTrue>010</CourseInDegreesTrue>
				<Hyphen>-</Hyphen>
				<UnitSpeedInKnots>90</UnitSpeedInKnots>
			</CourseInDegreesTrueAndSpeedInKnots>
		</SpeedOrMovement>
	</NavalForce>
	<NavalForce>
		<Amplification>
			<FreeText xml:space="preserve">NFORCE</FreeText>
		</Amplification>
		<NavalDesignation>
			<UnitName>CARRIER LEAH</UnitName>
		</NavalDesignation>
		<Location>
			<LatitudeAndLongitudeMinutes04DecimalPlaces>
				<LatitudeDegrees>45</LatitudeDegrees>
				<LatitudeMinutes04DecimalPlaces>20.3500</LatitudeMinutes04DecimalPlaces>
				<LatitudinalHemisphere>N</LatitudinalHemisphere>
				<Hyphen>-</Hyphen>
				<LongitudeDegrees>021</LongitudeDegrees>
				<LongitudeMinutes04DecimalPlaces>26.1500</LongitudeMinutes04DecimalPlaces>
				<LongitudinalHemisphere>E</LongitudinalHemisphere>
			</LatitudeAndLongitudeMinutes04DecimalPlaces>
		</Location>
		<DtgAtLocation>
			<Day>31</Day>
			<HourTime>00</HourTime>
			<MinuteTime>01</MinuteTime>
			<TimeZone>Z</TimeZone>
			<MonthNameAbbreviated>MAY</MonthNameAbbreviated>
			<Year4Digit>2023</Year4Digit>
		</DtgAtLocation>
		<SpeedOrMovement>
			<CourseInDegreesTrueAndSpeedInKnots>
				<CourseInDegreesTrue>270</CourseInDegreesTrue>
				<Hyphen>-</Hyphen>
				<UnitSpeedInKnots>10</UnitSpeedInKnots>
			</CourseInDegreesTrueAndSpeedInKnots>
		</SpeedOrMovement>
	</NavalForce>
	<SituationOfNavalUnits>
		<Nationality>
			<GeographicalEntity>DEU</GeographicalEntity>
		</Nationality>
		<NavalVesselType>CVL</NavalVesselType>
		<UnitIdentification>
			<ShipName>CARRIER BENII</ShipName>
		</UnitIdentification>
		<UnitLocation>
			<PlaceName>BLACKWATER</PlaceName>
		</UnitLocation>
		<DtgAtLocation>
			<Day>08</Day>
			<HourTime>12</HourTime>
			<MinuteTime>21</MinuteTime>
			<TimeZone>Z</TimeZone>
			<MonthNameAbbreviated>JUN</MonthNameAbbreviated>
			<Year4Digit>2022</Year4Digit>
		</DtgAtLocation>
		<VesselMovement>
			<NavalForceMovementStatus>ANC</NavalForceMovementStatus>
		</VesselMovement>
	</SituationOfNavalUnits>
	<SituationOfNavalUnits>
		<Amplification>
			<FreeText xml:space="preserve">SIT</FreeText>
		</Amplification>
		<Nationality>
			<GeographicalEntity>DEU</GeographicalEntity>
		</Nationality>
		<NavalVesselType>CVL</NavalVesselType>
		<UnitIdentification>
			<ShipName>CARRIER LEAH</ShipName>
		</UnitIdentification>
		<UnitLocation>
			<PlaceName>GOLDWATER</PlaceName>
		</UnitLocation>
		<DtgAtLocation>
			<Day>31</Day>
			<HourTime>00</HourTime>
			<MinuteTime>01</MinuteTime>
			<TimeZone>Z</TimeZone>
			<MonthNameAbbreviated>MAY</MonthNameAbbreviated>
			<Year4Digit>2023</Year4Digit>
		</DtgAtLocation>
		<VesselMovement>
			<NavalForceMovementStatus>SURV</NavalForceMovementStatus>
		</VesselMovement>
	</SituationOfNavalUnits>
	<NavalForceAircraftSituation>
		<FlagOrUic>
			<NonStandardGeographicalEntity>DEU</NonStandardGeographicalEntity>
		</FlagOrUic>
		<GroupOfFields>
			<AircraftIdentifier>E3A</AircraftIdentifier>
			<NumberOfAircraft0099>02</NumberOfAircraft0099>
			<Location>
				<LatitudeAndLongitudeMinutes04DecimalPlaces>
					<LatitudeDegrees>60</LatitudeDegrees>
					<LatitudeMinutes04DecimalPlaces>15.6970</LatitudeMinutes04DecimalPlaces>
					<LatitudinalHemisphere>N</LatitudinalHemisphere>
					<Hyphen>-</Hyphen>
					<LongitudeDegrees>019</LongitudeDegrees>
					<LongitudeMinutes04DecimalPlaces>55.7519</LongitudeMinutes04DecimalPlaces>
					<LongitudinalHemisphere>E</LongitudinalHemisphere>
				</LatitudeAndLongitudeMinutes04DecimalPlaces>
			</Location>
		</GroupOfFields>
	</NavalForceAircraftSituation>
	<MajorEquipment>
		<Unit>
			<ShipName>CARRIER BENII</ShipName>
		</Unit>
		<GroupOfFields>
			<WeaponSystem>
				<WeaponTypeGeneric>BIG GUN</WeaponTypeGeneric>
			</WeaponSystem>
			<QuantityOfEquipment>2</QuantityOfEquipment>
		</GroupOfFields>
		<GroupOfFields>
			<WeaponSystem>
				<AircraftByTypeModelOrCode>TIGER</AircraftByTypeModelOrCode>
			</WeaponSystem>
			<QuantityOfEquipment>2</QuantityOfEquipment>
		</GroupOfFields>
		<GroupOfFields>
			<WeaponSystem>
				<AircraftByTypeModelOrCode>FALCN1</AircraftByTypeModelOrCode>
			</WeaponSystem>
			<QuantityOfEquipment>2</QuantityOfEquipment>
		</GroupOfFields>
	</MajorEquipment>
	<MajorEquipment>
		<Unit>
			<ShipName>CARRIER LEAH</ShipName>
		</Unit>
		<GroupOfFields>
			<WeaponSystem>
				<MaritimeWeaponSystems>MK12 DC</MaritimeWeaponSystems>
			</WeaponSystem>
			<QuantityOfEquipment>5</QuantityOfEquipment>
		</GroupOfFields>
		<GroupOfFields>
			<WeaponSystem>
				<AircraftByTypeModelOrCode>F14</AircraftByTypeModelOrCode>
			</WeaponSystem>
			<QuantityOfEquipment>2</QuantityOfEquipment>
		</GroupOfFields>
	</MajorEquipment>
	<UnitStatus>
		<UnitReadinessStatus>A</UnitReadinessStatus>
		<UnitAvailabilityStatus>1</UnitAvailabilityStatus>
		<UnitAssignmentStatus>A</UnitAssignmentStatus>
		<GroupOfFields>
			<Identification>
				<UnitName>CARRIER BENII</UnitName>
			</Identification>
		</GroupOfFields>
		<GroupOfFields>
			<Identification>
				<UnitName>CARRIER LEAH</UnitName>
			</Identification>
		</GroupOfFields>
	</UnitStatus>
</mtf:NavalSituationReport>
