<?xml version="1.0" encoding="UTF-8"?>
<exchange:BattleSpaceObjects xmlns:base="urn:nato:stanag:5653:ncdf:datalake:1:0:Base" xmlns:xsi="http://www.w3.org/2001/XMLSchema-instance" xmlns:msxsl="urn:schemas-microsoft-com:xslt" xmlns:user="urn:intcore-scripts" xmlns:xs="http://www.w3.org/2001/XMLSchema" xmlns:location="urn:nato:stanag:5653:ncdf:datalake:1:0:BattlespaceConcept:Location" xmlns:conceptmetadata="urn:nato:stanag:5653:ncdf:datalake:1:0:Concept:Metadata" xmlns:battlespaceconcept="urn:nato:stanag:5653:ncdf:datalake:1:0:BattlespaceConcept" xmlns:confidentialitylabel="urn:nato:stanag:4774:confidentialitymetadatalabel:1:0" xmlns:action="urn:nato:stanag:5653:ncdf:datalake:1:0:BattlespaceConcept:Action" xmlns:kml="http://www.opengis.net/kml/2.2" xmlns:ds="http://www.w3.org/2000/09/xmldsig#" xmlns:xmime="http://www.w3.org/2005/05/xmlmime" xmlns:atom="http://www.w3.org/2005/Atom" xmlns:n2="urn:nato:mtf:app-11(d):1:navsitrep" xmlns:exchange="urn:nato:stanag:5653:ncdf:datalake:1:0:Exchange" xmlns:concept="urn:nato:stanag:5653:ncdf:datalake:1:0:Concept" xmlns:object="urn:nato:stanag:5653:ncdf:datalake:1:0:BattlespaceConcept:Object" xmlns:materiel="urn:nato:stanag:5653:ncdf:datalake:1:0:BattlespaceConcept:Object:Materiel" xmlns:unit="urn:nato:stanag:5653:ncdf:datalake:1:0:BattlespaceConcept:Object:Actor:Organisation:Unit" xmlns:affiliation="urn:nato:stanag:5653:ncdf:datalake:1:0:BattlespaceConcept:Affiliation" xmlns:aircraft="urn:nato:stanag:5653:ncdf:datalake:1:0:BattlespaceConcept:Object:Materiel:Equipment:Aircraft" xmlns:organisation="urn:nato:stanag:5653:ncdf:datalake:1:0:BattlespaceConcept:Object:Actor:Organisation" xmlns:s4778="urn:nato:stanag:4778:bindinginformation:1:0" xsi:schemaLocation="urn:nato:stanag:5653:ncdf:datalake:1:0:Exchange  ..\ncdf\xsd\Exchange.xsd">
	<exchange:BattleSpaceObject>
		<base:ID>97a702ad-d538-4857-a5b4-138e45e79bcf</base:ID>
		<exchange:Types>
			<exchange:Type>MIM:2ceda832-c572-4e04-baea-19e3c1df9ebf</exchange:Type>
			<exchange:Type>{urn:nato:stanag:5653:ncdf:datalake:1:0:BattlespaceConcept:Object/Actor/Organisation/Unit}CombatAviationUnit</exchange:Type>
		</exchange:Types>
		<base:Data xsi:type="unit:CombatAviationUnitType">
			<base:ID>97a702ad-d538-4857-a5b4-138e45e79bcf</base:ID>
			<concept:ConceptName>CARRIER BENII</concept:ConceptName>
			<battlespaceconcept:BattlespaceConceptGeographicLocation>
				<location:LocationGeometry xsi:type="location:AbsolutePointType">
					<location:AbsolutePointLatitudeCoordinate>
						<location:LatitudeCoordinateCoordinate>88</location:LatitudeCoordinateCoordinate>
					</location:AbsolutePointLatitudeCoordinate>
					<location:AbsolutePointLongitudeCoordinate>
						<location:LongitudeCoordinateCoordinate>77</location:LongitudeCoordinateCoordinate>
					</location:AbsolutePointLongitudeCoordinate>
				</location:LocationGeometry>
			</battlespaceconcept:BattlespaceConceptGeographicLocation>
			<battlespaceconcept:BattlespaceConceptMetadata xmlns:battlespaceconceptmetadata="urn:nato:stanag:5653:ncdf:datalake:1:0:BattlespaceConcept:Metadata">
				<conceptmetadata:ConceptMetadataOriginatorConfidentialityLabel>
					<confidentialitylabel:ConfidentialityInformation>
						<confidentialitylabel:PolicyIdentifier>NATO</confidentialitylabel:PolicyIdentifier>
						<confidentialitylabel:Classification>UNCLASSIFIED</confidentialitylabel:Classification>
					</confidentialitylabel:ConfidentialityInformation>
					<confidentialitylabel:CreationDateTime>2023-05-01T00:00:00Z</confidentialitylabel:CreationDateTime>
				</conceptmetadata:ConceptMetadataOriginatorConfidentialityLabel>
				<conceptmetadata:ConceptMetadataReportingData>
					<conceptmetadata:ReportingDataCategoryCode>Reported</conceptmetadata:ReportingDataCategoryCode>
					<conceptmetadata:ReportingDataObservationDateTime>2023-05-31T12:16:00Z</conceptmetadata:ReportingDataObservationDateTime>
					<conceptmetadata:ReportingDataReportingDateTime>2023-05-01T00:00:00Z</conceptmetadata:ReportingDataReportingDateTime>
					<conceptmetadata:ReportingDataReporter>
						<conceptmetadata:ReporterName>CC073</conceptmetadata:ReporterName>
					</conceptmetadata:ReportingDataReporter>
				</conceptmetadata:ConceptMetadataReportingData>
			</battlespaceconcept:BattlespaceConceptMetadata>
			<object:ObjectAffiliation xsi:type="affiliation:GeopoliticalAffiliationType">
				<affiliation:GeopoliticalAffiliationCode>DEU</affiliation:GeopoliticalAffiliationCode>
			</object:ObjectAffiliation>
			<object:ObjectHolding>
				<object:HoldingOnHandQuantityNumber>02</object:HoldingOnHandQuantityNumber>
				<object:HoldingOperationalQuantityNumber>02</object:HoldingOperationalQuantityNumber>
				<object:HoldingTotalQuantityNumber>02</object:HoldingTotalQuantityNumber>
				<object:HoldingPropertyRef xsi:nil="true"/>
				<object:HoldingProperty xsi:type="aircraft:AircraftType">
					<base:ID>3b58f687-8832-4fee-903c-771cf0942e94</base:ID>
					<concept:ConceptName>DEU</concept:ConceptName>
					<battlespaceconcept:BattlespaceConceptGeographicLocation>
						<location:LocationGeometry xsi:type="location:AbsolutePointType">
							<location:AbsolutePointLatitudeCoordinate>
								<location:LatitudeCoordinateCoordinate>55</location:LatitudeCoordinateCoordinate>
							</location:AbsolutePointLatitudeCoordinate>
							<location:AbsolutePointLongitudeCoordinate>
								<location:LongitudeCoordinateCoordinate>44</location:LongitudeCoordinateCoordinate>
							</location:AbsolutePointLongitudeCoordinate>
						</location:LocationGeometry>
					</battlespaceconcept:BattlespaceConceptGeographicLocation>
					<battlespaceconcept:BattlespaceConceptMetadata/>
					<materiel:MaterielModelName>E3A</materiel:MaterielModelName>
					<materiel:MaterielOperationalStatusCode>Operational</materiel:MaterielOperationalStatusCode>
				</object:HoldingProperty>
			</object:ObjectHolding>
			<object:ObjectHolding>
				<object:HoldingOnHandQuantityNumber>2</object:HoldingOnHandQuantityNumber>
				<object:HoldingOperationalQuantityNumber>2</object:HoldingOperationalQuantityNumber>
				<object:HoldingTotalQuantityNumber>2</object:HoldingTotalQuantityNumber>
				<object:HoldingPropertyRef xsi:nil="true"/>
				<object:HoldingProperty xsi:type="aircraft:AircraftType">
					<base:ID>c44e613b-7c62-4a2b-8b3a-ee1163b34447</base:ID>
					<concept:ConceptName>CARRIER BENII</concept:ConceptName>
					<battlespaceconcept:BattlespaceConceptMetadata/>
					<materiel:MaterielModelName>BIG GUN</materiel:MaterielModelName>
					<materiel:MaterielOperationalStatusCode>Operational</materiel:MaterielOperationalStatusCode>
				</object:HoldingProperty>
			</object:ObjectHolding>
			<object:ObjectHolding>
				<object:HoldingOnHandQuantityNumber>2</object:HoldingOnHandQuantityNumber>
				<object:HoldingOperationalQuantityNumber>2</object:HoldingOperationalQuantityNumber>
				<object:HoldingTotalQuantityNumber>2</object:HoldingTotalQuantityNumber>
				<object:HoldingPropertyRef xsi:nil="true"/>
				<object:HoldingProperty xsi:type="aircraft:AircraftType">
					<base:ID>4743bdd3-49c1-491b-a17b-fe4ca1368584</base:ID>
					<concept:ConceptName>CARRIER BENII</concept:ConceptName>
					<battlespaceconcept:BattlespaceConceptMetadata/>
					<materiel:MaterielModelName>TIGER</materiel:MaterielModelName>
					<materiel:MaterielOperationalStatusCode>Operational</materiel:MaterielOperationalStatusCode>
				</object:HoldingProperty>
			</object:ObjectHolding>
			<object:ObjectHolding>
				<object:HoldingOnHandQuantityNumber>2</object:HoldingOnHandQuantityNumber>
				<object:HoldingOperationalQuantityNumber>2</object:HoldingOperationalQuantityNumber>
				<object:HoldingTotalQuantityNumber>2</object:HoldingTotalQuantityNumber>
				<object:HoldingPropertyRef xsi:nil="true"/>
				<object:HoldingProperty xsi:type="aircraft:AircraftType">
					<base:ID>f2d4cc43-8446-4836-9749-c8d3a90492b7</base:ID>
					<concept:ConceptName>CARRIER BENII</concept:ConceptName>
					<battlespaceconcept:BattlespaceConceptMetadata/>
					<materiel:MaterielModelName>FALCN1</materiel:MaterielModelName>
					<materiel:MaterielOperationalStatusCode>Operational</materiel:MaterielOperationalStatusCode>
				</object:HoldingProperty>
			</object:ObjectHolding>
			<object:ObjectHolding>
				<object:HoldingOnHandQuantityNumber>5</object:HoldingOnHandQuantityNumber>
				<object:HoldingOperationalQuantityNumber>5</object:HoldingOperationalQuantityNumber>
				<object:HoldingTotalQuantityNumber>5</object:HoldingTotalQuantityNumber>
				<object:HoldingPropertyRef xsi:nil="true"/>
				<object:HoldingProperty xsi:type="aircraft:AircraftType">
					<base:ID>39acc55a-d667-4d5d-9399-6445dc763168</base:ID>
					<concept:ConceptName>CARRIER LEAH</concept:ConceptName>
					<battlespaceconcept:BattlespaceConceptMetadata/>
					<materiel:MaterielModelName>MK12 DC</materiel:MaterielModelName>
					<materiel:MaterielOperationalStatusCode>Operational</materiel:MaterielOperationalStatusCode>
				</object:HoldingProperty>
			</object:ObjectHolding>
			<object:ObjectHolding>
				<object:HoldingOnHandQuantityNumber>2</object:HoldingOnHandQuantityNumber>
				<object:HoldingOperationalQuantityNumber>2</object:HoldingOperationalQuantityNumber>
				<object:HoldingTotalQuantityNumber>2</object:HoldingTotalQuantityNumber>
				<object:HoldingPropertyRef xsi:nil="true"/>
				<object:HoldingProperty xsi:type="aircraft:AircraftType">
					<base:ID>673dc1f7-45d0-4b45-a9a8-4f77c9a6f873</base:ID>
					<concept:ConceptName>CARRIER LEAH</concept:ConceptName>
					<battlespaceconcept:BattlespaceConceptMetadata/>
					<materiel:MaterielModelName>F14</materiel:MaterielModelName>
					<materiel:MaterielOperationalStatusCode>Operational</materiel:MaterielOperationalStatusCode>
				</object:HoldingProperty>
			</object:ObjectHolding>
			<organisation:OrganisationHasCommandFunctionIndicator>true</organisation:OrganisationHasCommandFunctionIndicator>
			<organisation:MilitaryOrganisationServiceCode>AirForce</organisation:MilitaryOrganisationServiceCode>
			<unit:UnitEchelon/>
		</base:Data>
		<s4778:BindingInformation xmlns:s4778="urn:nato:stanag:4778:bindinginformation:1:0" xmlns:s4774="urn:nato:stanag:4774:confidentialitymetadatalabel:1:0" xmlns:s5636="urn:nato:stanag:5636:A:1:elements" xmlns:dsig="http://www.w3.org/2000/09/xmldsig#">
			<s4778:MetadataBindingContainer>
				<s4778:MetadataBinding>
					<s4778:Metadata>
						<s4774:originatorConfidentialityLabel>
							<s4774:ConfidentialityInformation>
								<s4774:PolicyIdentifier>NATO</s4774:PolicyIdentifier>
								<s4774:Classification>UNCLASSIFIED</s4774:Classification>
							</s4774:ConfidentialityInformation>
							<s4774:CreationDateTime>2023-05-01T00:00:00Z</s4774:CreationDateTime>
						</s4774:originatorConfidentialityLabel>
					</s4778:Metadata>
					<s4778:DataReference URI="">
						<dsig:Transforms>
							<dsig:Transform Algorithm="http://www.w3.org/TR/1999/REC-xpath-19991116">
								<dsig:XPath>ancestor-or-self::ns2:Data/[ns2:ID/text() = "7a6d1b13-498f-35b3-885b-2fd887933575"]</dsig:XPath>
							</dsig:Transform>
						</dsig:Transforms>
					</s4778:DataReference>
				</s4778:MetadataBinding>
			</s4778:MetadataBindingContainer>
		</s4778:BindingInformation>
	</exchange:BattleSpaceObject>
</exchange:BattleSpaceObjects>
