PhysicalName;LogicalName;DisplayName;Documentation;source
PRTADV;AdventistProtestant;Protestant (Adventist);One who adheres to or identifies with the Protestant (Adventist) doctrine.;APP-11(C) 1016/1 - Def ATCCIS
ISLAMA;AlawiteIslam;Islam (Alawite);One who adheres to or identifies with the Islam (Alawite) doctrine.;APP-11(C) 1016/1 - Def ATCCIS
ANGLCN;Anglican;Anglican;One who adheres to or identifies with the Anglican doctrine.;APP-11(C) 1016/1 - Def ATCCIS
ANIMSM;Animism;Animism;One who adheres to or identifies with the Animism doctrine.;APP-11(C) 1016/1 - Def ATCCIS
APSTLC;Apostolic;Apostolic;One who adheres to or identifies with the Apostolic doctrine.;APP-11(C) 1016/1 - Def ATCCIS
ARMNAN;Armenian;Armenian;One who adheres to or identifies with the Armenian doctrine.;APP-11(C) 1016/1 - Def ATCCIS
ARMORT;ArmenianOrthodox;Armenian Orthodox;One who adheres to or identifies with the Armenian Orthodox doctrine.;APP-11(C) 1016/1 - Def ATCCIS
ASMGOD;AssemblyOfGod;Assembly of God;One who adheres to or identifies with the Assembly of God doctrine.;APP-11(C) 1016/1 - Def ATCCIS
ATHEST;Atheist;Atheist;One who denies or disbelieves the existence of any deity.;APP-11(C) 1016/1 - Def ATCCIS
BAHAI;Bahai;Baha'i;One who adheres to or identifies with the Baha'i doctrine.;APP-11(C) 1016/1 - Def ATCCIS
BAPTST;Baptist;Baptist;One who adheres to or identifies with the Baptist doctrine.;APP-11(C) 1016/1 - Def ATCCIS
BEHAI;Behai;Beha'i;One who adheres to or identifies with the Beha'i doctrine.;APP-11(C) 1016/1 - Def ATCCIS
BUDHSM;Buddhism;Buddhism;One who adheres to or identifies with the Buddhism doctrine.;APP-11(C) 1016/1 - Def ATCCIS
BLGORT;BulgarianOrthodox;Bulgarian Orthodox;One who adheres to or identifies with the Bulgarian Orthodox doctrine.;APP-11(C) 1016/1 - Def ATCCIS
CALVNS;Calvinist;Calvinist;One who adheres to or identifies with the Calvinist doctrine.;APP-11(C) 1016/1 - Def ATCCIS
CATHLC;Catholic;Catholic;One who adheres to or identifies with the Catholic doctrine.;APP-11(C) 1016/1 - Def ATCCIS
CHNDGY;Chondogyo;Chondogyo;One who adheres to or identifies with the Chondogyo doctrine.;APP-11(C) 1016/1 - Def ATCCIS
CHRSTN;Christian;Christian;One who adheres to or identifies with the Christian doctrine.;APP-11(C) 1016/1 - Def ATCCIS
CHRENG;ChurchOfEngland;Church of England;One who adheres to or identifies with the Church of England doctrine.;APP-11(C) 1016/1 - Def ATCCIS
CHRGOD;ChurchOfGod;Church of God;One who adheres to or identifies with the Church of God doctrine.;APP-11(C) 1016/1 - Def ATCCIS
CHRTVL;ChurchOfTuvalu;Church of Tuvalu;One who adheres to or identifies with the Church of Tuvalu doctrine.;APP-11(C) 1016/1 - Def ATCCIS
CNFCNS;Confucianism;Confucianism;One who adheres to or identifies with the Confucianism doctrine.;APP-11(C) 1016/1 - Def ATCCIS
CNG;Congregational;Congregational;One who adheres to or identifies with the Congregational doctrine.;APP-11(C) 1016/1 - Def ATCCIS
CNGCCH;CongregationalChristianChurch;Congregational Christian Church;One who adheres to or identifies with the Congregational Christian Church doctrine.;APP-11(C) 1016/1 - Def ATCCIS
CNGNCH;CongregationalNewChurch;Congregational New Church;One who adheres to or identifies with the Congregational New Church doctrine.;APP-11(C) 1016/1 - Def ATCCIS
UNCHCN;CongregationalUnitedChurch;United Church (Congregational);One who adheres to or identifies with the United Church (Congregational) doctrine.;APP-11(C) 1016/1 - Def ATCCIS
CPTCHR;CopticChristian;Coptic Christian;One who adheres to or identifies with the Coptic Christian doctrine.;APP-11(C) 1016/1 - Def ATCCIS
DRUZE;Druze;Druze;One who adheres to or identifies with the Druze doctrine.;APP-11(C) 1016/1 - Def ATCCIS
ESTORT;EasternOrthodox;Eastern Orthodox;One who adheres to or identifies with the Eastern Orthodox doctrine.;APP-11(C) 1016/1 - Def ATCCIS
EKLNIE;EkalesiaNieue;Ekalesia Nieue;One who adheres to or identifies with the Ekalesia Nieue doctrine.;APP-11(C) 1016/1 - Def ATCCIS
EPSCPL;Episcopalian;Episcopalian;One who adheres to or identifies with the Episcopalian doctrine.;APP-11(C) 1016/1 - Def ATCCIS
ETHORT;EthiopianOrthodox;Ethiopian Orthodox;One who adheres to or identifies with the Ethiopian Orthodox doctrine.;APP-11(C) 1016/1 - Def ATCCIS
EVNALL;EvangelicalAlliance;Evangelical Alliance;One who adheres to or identifies with the Evangelical Alliance doctrine.;APP-11(C) 1016/1 - Def ATCCIS
EVNLUT;EvangelicalLutheran;Evangelical Lutheran;One who adheres to or identifies with the Evangelical Lutheran doctrine.;APP-11(C) 1016/1 - Def ATCCIS
PRTEVN;EvangelicalMethodistProtestant;Protestant (Evangelical Methodist);One who adheres to or identifies with the Protestant (Evangelical Methodist) doctrine.;APP-11(C) 1016/1 - Def ATCCIS
EVNGCH;EvangelistChurch;Evangelist Church;One who adheres to or identifies with the Evangelist Church doctrine.;APP-11(C) 1016/1 - Def ATCCIS
CHRFRW;FreeWesleyanChurchChristian;Christian (Free Wesleyan Church);One who adheres to or identifies with the Christian (Free Wesleyan Church) doctrine.;APP-11(C) 1016/1 - Def ATCCIS
GEOORT;GeorgianOrthodox;Georgian Orthodox;One who adheres to or identifies with the Georgian Orthodox doctrine.;APP-11(C) 1016/1 - Def ATCCIS
GRKORT;GreekOrthodox;Greek Orthodox;One who adheres to or identifies with the Greek Orthodox doctrine.;APP-11(C) 1016/1 - Def ATCCIS
GRGARM;GregorianArmenian;Gregorian-Armenian;One who adheres to or identifies with the Gregorian-Armenian doctrine.;APP-11(C) 1016/1 - Def ATCCIS
HINDU;Hinduism;Hinduism;One who adheres to or identifies with the Hinduism doctrine.;APP-11(C) 1016/1 - Def ATCCIS
IBDMUS;IbadhiMuslim;Ibadhi Muslim;One who adheres to or identifies with the Ibadhi Muslim doctrine.;APP-11(C) 1016/1 - Def ATCCIS
INDGNS;Indigenous;Indigenous;One who adheres to or identifies with the Indigenous doctrine.;APP-11(C) 1016/1 - Def ATCCIS
ISLAMC;Islamic;Islamic;One who adheres to or identifies with the Islamic doctrine.;APP-11(C) 1016/1 - Def ATCCIS
ISLAMI;IsmailiteIslam;Islam (Isma'ilite);One who adheres to or identifies with the Islam (Isma'ilite) doctrine.;APP-11(C) 1016/1 - Def ATCCIS
JAINS;Jains;Jains;One who adheres to or identifies with the Jains doctrine.;APP-11(C) 1016/1 - Def ATCCIS
JHVWTN;JehovahsWitness;Jehovah's Witness;One who adheres to or identifies with the Jehovah's Witness doctrine.;APP-11(C) 1016/1 - Def ATCCIS
JUDASM;Judaism;Judaism;One who adheres to or identifies with the Judaism doctrine.;APP-11(C) 1016/1 - Def ATCCIS
KIEVPT;KievPatriarchate;Kiev Patriarchate;One who adheres to or identifies with the Kiev Patriarchate doctrine.;APP-11(C) 1016/1 - Def ATCCIS
KMBNGS;Kimbanguist;Kimbanguist;One who adheres to or identifies with the Kimbanguist doctrine.;APP-11(C) 1016/1 - Def ATCCIS
LAMBUD;LamaisticBuddhism;Lamaistic Buddhism;One who adheres to or identifies with the Lamaistic Buddhism doctrine.;APP-11(C) 1016/1 - Def ATCCIS
LTRSNT;LatterDaySaints;Latter-day Saints;One who adheres to or identifies with the Latter-day Saints doctrine.;APP-11(C) 1016/1 - Def ATCCIS
CHRSLB;LiebenzellMissionChristian;Christian (Liebenzell Mission);One who adheres to or identifies with the Christian (Liebenzell Mission) doctrine.;APP-11(C) 1016/1 - Def ATCCIS
LNDMSN;LondonMissionarySociety;London Missionary Society;One who adheres to or identifies with the London Missionary Society doctrine.;APP-11(C) 1016/1 - Def ATCCIS
LUTHRN;Lutheran;Lutheran;One who adheres to or identifies with the Lutheran doctrine.;APP-11(C) 1016/1 - Def ATCCIS
MUSMLY;MalaysMuslim;Muslim (Malays);One who adheres to or identifies with the Muslim (Malays) doctrine.;APP-11(C) 1016/1 - Def ATCCIS
MARONT;Maronite;Maronite;One who adheres to or identifies with the Maronite doctrine.;APP-11(C) 1016/1 - Def ATCCIS
MENNTE;Mennonite;Mennonite;One who adheres to or identifies with the Mennonite doctrine.;APP-11(C) 1016/1 - Def ATCCIS
METHDS;Methodist;Methodist;One who adheres to or identifies with the Methodist doctrine.;APP-11(C) 1016/1 - Def ATCCIS
UNDMTH;MethodistUnited;United (Methodist);One who adheres to or identifies with the United (Methodist) doctrine.;APP-11(C) 1016/1 - Def ATCCIS
MODKNG;Modekngei;Modekngei;One who adheres to or identifies with the Modekngei doctrine.;APP-11(C) 1016/1 - Def ATCCIS
PRTMRV;MoravianProtestant;Protestant (Moravian);One who adheres to or identifies with the Protestant (Moravian) doctrine.;APP-11(C) 1016/1 - Def ATCCIS
MORMON;Mormon;Mormon;One who adheres to or identifies with the Mormon doctrine.;APP-11(C) 1016/1 - Def ATCCIS
MSCWPT;MoscowPatriarchate;Moscow Patriarchate;One who adheres to or identifies with the Moscow Patriarchate doctrine.;APP-11(C) 1016/1 - Def ATCCIS
MUSLIM;Muslim;Muslim;One who adheres to or identifies with the Muslim doctrine.;APP-11(C) 1016/1 - Def ATCCIS
NIUNCH;NiueanChurch;Niuean Church;One who adheres to or identifies with the Niuean Church doctrine.;APP-11(C) 1016/1 - Def ATCCIS
NONE;None;None;One who does not adhere to a religion.;APP-11(C) 1016/1 - Def ATCCIS
ISLAMN;NusayriIslam;Islam (Nusayri);One who adheres to or identifies with the Islam (Nusayri) doctrine.;APP-11(C) 1016/1 - Def ATCCIS
ORTHDX;Orthodox;Orthodox;One who adheres to or identifies with the Orthodox doctrine.;APP-11(C) 1016/1 - Def ATCCIS
PGNAFR;PaganAfrican;Pagan African;One who adheres to or identifies with the Pagan African doctrine.;APP-11(C) 1016/1 - Def ATCCIS
PARSI;Parsi;Parsi;One who adheres to or identifies with the Parsi doctrine.;APP-11(C) 1016/1 - Def ATCCIS
PNTCST;Pentecostal;Pentecostal;One who adheres to or identifies with the Pentecostal doctrine.;APP-11(C) 1016/1 - Def ATCCIS
PRSBYT;Presbyterian;Presbyterian;One who adheres to or identifies with the Presbyterian doctrine.;APP-11(C) 1016/1 - Def ATCCIS
UNDPRB;PresbyterianUnited;United (Presbyterian);One who adheres to or identifies with the United (Presbyterian) doctrine.;APP-11(C) 1016/1 - Def ATCCIS
UNCHPR;PresbyterianUnitedChurch;United Church (Presbyterian);One who adheres to or identifies with the United Church (Presbyterian) doctrine.;APP-11(C) 1016/1 - Def ATCCIS
PRT;Protestant;Protestant;One who adheres to or identifies with the Protestant doctrine.;APP-11(C) 1016/1 - Def ATCCIS
RMNCTH;RomanCatholic;Roman Catholic;One who adheres to or identifies with the Roman Catholic doctrine.;APP-11(C) 1016/1 - Def ATCCIS
ROMORT;RomanianOrthodox;Romanian Orthodox;One who adheres to or identifies with the Romanian Orthodox doctrine.;APP-11(C) 1016/1 - Def ATCCIS
RUSORT;RussianOrthodox;Russian Orthodox;One who adheres to or identifies with the Russian Orthodox doctrine.;APP-11(C) 1016/1 - Def ATCCIS
SVNADV;SeventhDayAdventist;Seventh-day Adventist;One who adheres to or identifies with the Seventh-day Adventist doctrine.;APP-11(C) 1016/1 - Def ATCCIS
MUSSHF;ShafiMuslim;Muslim (Sha'fi);One who adheres to or identifies with the Muslim (Sha'fi) doctrine.;APP-11(C) 1016/1 - Def ATCCIS
SHMNSM;Shamanism;Shamanism;One who adheres to or identifies with the Shamanism doctrine.;APP-11(C) 1016/1 - Def ATCCIS
SHIMUS;ShiaMuslim;Shi'a Muslim;One who adheres to or identifies with the Shi'a Muslim doctrine.;APP-11(C) 1016/1 - Def ATCCIS
SHINTO;Shinto;Shinto;One who adheres to or identifies with the Shinto doctrine.;APP-11(C) 1016/1 - Def ATCCIS
SIKH;Sikh;Sikh;One who adheres to or identifies with the Sikh doctrine.;APP-11(C) 1016/1 - Def ATCCIS
SLVMUS;SlavicMuslim;Slavic Muslim;One who adheres to or identifies with the Slavic Muslim doctrine.;APP-11(C) 1016/1 - Def ATCCIS
SOCFRD;SocietyOfFriends;Society of Friends;One who adheres to or identifies with the Society of Friends doctrine.;APP-11(C) 1016/1 - Def ATCCIS
SPRCLT;SpiritualCults;Spiritual Cults;One who adheres to or identifies with the Spiritual Cults doctrine.;APP-11(C) 1016/1 - Def ATCCIS
SUNMUS;SunniMuslim;Sunni Muslim;One who adheres to or identifies with the Sunni Muslim doctrine.;APP-11(C) 1016/1 - Def ATCCIS
SYNCHN;SyncreticChondogyo;Syncretic Chondogyo;One who adheres to or identifies with the Syncretic Chondogyo doctrine.;APP-11(C) 1016/1 - Def ATCCIS
TAOISM;Taoism;Taoism;One who adheres to or identifies with the Taoism doctrine.;APP-11(C) 1016/1 - Def ATCCIS
THRVBD;TheravadaBuddhism;Theravada Buddhism;One who adheres to or identifies with the Theravada Buddhism doctrine.;APP-11(C) 1016/1 - Def ATCCIS
TBTBUD;TibetanBuddhist;Tibetan Buddhist;One who adheres to or identifies with the Tibetan Buddhist doctrine.;APP-11(C) 1016/1 - Def ATCCIS
TRD;Traditional;Traditional;One who adheres to or identifies with the Traditional doctrine.;APP-11(C) 1016/1 - Def ATCCIS
TRDMYN;TraditionalMayan;Traditional Mayan;One who adheres to or identifies with the Traditional Mayan doctrine.;APP-11(C) 1016/1 - Def ATCCIS
TRBREL;TribalReligion;Tribal Religion;One who adheres to or identifies with the Tribal Religion doctrine.;APP-11(C) 1016/1 - Def ATCCIS
UKRAUT;UkrainianAutocephalous;Ukrainian Autocephalous;One who adheres to or identifies with the Ukrainian Autocephalous doctrine.;APP-11(C) 1016/1 - Def ATCCIS
UKRORT;UkrainianOrthodox;Ukrainian Orthodox;One who adheres to or identifies with the Ukrainian Orthodox doctrine.;APP-11(C) 1016/1 - Def ATCCIS
UNICTH;UniateCatholic;Uniate Catholic;One who adheres to or identifies with the Uniate Catholic doctrine.;APP-11(C) 1016/1 - Def ATCCIS
RMNCTU;UniateRomanCatholic;Roman Catholic (Uniate);One who adheres to or identifies with the Roman Catholic (Uniate) doctrine.;APP-11(C) 1016/1 - Def ATCCIS
UKRCTH;UniateUkrainianCatholic;Ukrainian Catholic (Uniate);One who adheres to or identifies with the Ukrainian Catholic (Uniate) doctrine.;APP-11(C) 1016/1 - Def ATCCIS
UNCH;UnitedChurch;United Church;One who adheres to or identifies with the United Church doctrine.;APP-11(C) 1016/1 - Def ATCCIS
UNFRCH;UnitedFreeChurch;United Free Church;One who adheres to or identifies with the United Free Church doctrine.;APP-11(C) 1016/1 - Def ATCCIS
UNCHAU;UnitingChurchInAustralia;Uniting Church in Australia;One who adheres to or identifies with the Uniting Church in Australia doctrine.;APP-11(C) 1016/1 - Def ATCCIS
VOODOO;Voodoo;Voodoo;One who adheres to or identifies with the Voodoo doctrine.;APP-11(C) 1016/1 - Def ATCCIS
MUSZYD;ZaydiMuslim;Muslim (Zaydi);One who adheres to or identifies with the Muslim (Zaydi) doctrine.;APP-11(C) 1016/1 - Def ATCCIS
AFRMTH;ZionAfricanMethodistEpiscopal;African Methodist Episcopal (Zion);One who adheres to or identifies with the African Methodist Episcopal (Zion) doctrine.;APP-11(C) 1016/1 - Def ATCCIS
ZRSTRN;Zoroastrian;Zoroastrian;One who adheres to or identifies with the Zoroastrian doctrine.;APP-11(C) 1016/1 - Def ATCCIS
