PhysicalName;LogicalName;DisplayName;Documentation;source
ABKHAZ;Abkhaz;Abkhaz;The ethnic group of Abkhaz people.;ACE Intelligence Model
ABORGN;Aboriginal;Aboriginal;The ethnic group of Aboriginal people.;ACE Intelligence Model
ADMISL;AdmiraltyIslander;Admiralty Islander;The ethnic group of Admiralty Islander people.;ATCCIS
AFAR;Afar;Afar;The ethnic group of Afar people.;ACE Intelligence Model
AFGHAN;Afghani;Afghani;The ethnic group of Afghani people.;ATCCIS
AFRADJ;AfricanAdja;African (Adja);The ethnic group of African (Adja) people.;ACE Intelligence Model
AFRAMR;AfricanAmerican;African American;The ethnic group of African American people.;ATCCIS
AFRBAL;AfricanBalanta;African (Balanta);The ethnic group of African (Balanta) people.;ACE Intelligence Model
AFRBAR;AfricanBariba;African (Bariba);The ethnic group of African (Bariba) people.;ACE Intelligence Model
AFRBAS;AfricanBassa;African (Bassa);The ethnic group of African (Bassa) people.;ACE Intelligence Model
AFRBEL;AfricanBella;African (Bella);The ethnic group of African (Bella) people.;ACE Intelligence Model
AFRBUR;AfricanBurkinabe;African (Burkinabe);The ethnic group of African (Burkinabe) people.;ACE Intelligence Model
AFRFON;AfricanFon;African (Fon);The ethnic group of African (Fon) people.;ACE Intelligence Model
AFRFUL;AfricanFula;African (Fula);The ethnic group of African (Fula) people.;ACE Intelligence Model
AFRGBA;AfricanGbandi;African (Gbandi);The ethnic group of African (Gbandi) people.;ACE Intelligence Model
AFRGIO;AfricanGio;African (Gio);The ethnic group of African (Gio) people.;ACE Intelligence Model
AFRGOL;AfricanGola;African (Gola);The ethnic group of African (Gola) people.;ACE Intelligence Model
AFRGRE;AfricanGrebo;African (Grebo);The ethnic group of African (Grebo) people.;ACE Intelligence Model
AFRJOL;AfricanJola;African (Jola);The ethnic group of African (Jola) people.;ACE Intelligence Model
AFRKIS;AfricanKissi;African (Kissi);The ethnic group of African (Kissi) people.;ACE Intelligence Model
AFRKPE;AfricanKpelle;African (Kpelle);The ethnic group of African (Kpelle) people.;ACE Intelligence Model
AFRKRA;AfricanKrahn;African (Krahn);The ethnic group of African (Krahn) people.;ACE Intelligence Model
AFRKRU;AfricanKru;African (Kru);The ethnic group of African (Kru) people.;ACE Intelligence Model
AFRLOM;AfricanLoma;African (Loma);The ethnic group of African (Loma) people.;ACE Intelligence Model
AFRMAN;AfricanMandinga;African (Mandinga);The ethnic group of African (Mandinga) people.;ACE Intelligence Model
AFRMND;AfricanMandinka;African (Mandinka);The ethnic group of African (Mandinka) people.;ACE Intelligence Model
AFRMNJ;AfricanManjaca;African (Manjaca);The ethnic group of African (Manjaca) people.;ACE Intelligence Model
AFRMNO;AfricanMano;African (Mano);The ethnic group of African (Mano) people.;ACE Intelligence Model
AFRMEN;AfricanMende;African (Mende);The ethnic group of African (Mende) people.;ACE Intelligence Model
AFRNDE;AfricanNdebele;African (Ndebele);The ethnic group of African (Ndebele) people.;ACE Intelligence Model
AFRNFD;AfricanNotFurtherDefined;African not further defined;The not further defined ethnic groups of African people.;ATCCIS
AFRPAP;AfricanPapel;African (Papel);The ethnic group of African (Papel) people.;ACE Intelligence Model
AFRSER;AfricanSerahuli;African (Serahuli);The ethnic group of African (Serahuli) people.;ACE Intelligence Model
AFRSHO;AfricanShona;African (Shona);The ethnic group of African (Shona) people.;ACE Intelligence Model
AFRTEM;AfricanTemne;African (Temne);The ethnic group of African (Temne) people.;ACE Intelligence Model
AFRVAI;AfricanVai;African (Vai);The ethnic group of African (Vai) people.;ACE Intelligence Model
AFRWOL;AfricanWolof;African (Wolof);The ethnic group of African (Wolof) people.;ACE Intelligence Model
AFRYOR;AfricanYoruba;African (Yoruba);The ethnic group of African (Yoruba) people.;ACE Intelligence Model
AFROAR;AfroArab;Afro-Arab;The ethnic group of Afro-Arab people.;ACE Intelligence Model
AFROAS;AfroAsian;Afro-Asian;The ethnic group of Afro-Asian people.;ACE Intelligence Model
AFROCH;AfroChinese;Afro-Chinese;The ethnic group of Afro-Chinese people.;ACE Intelligence Model
AFROEA;AfroEastIndian;Afro-East Indian;The ethnic group of Afro-East Indian people.;ACE Intelligence Model
AFROEU;AfroEuropean;Afro-European;The ethnic group of Afro-European people.;ACE Intelligence Model
AGNI;Agni;Agni;The ethnic group of Agni people.;ACE Intelligence Model
AITISL;AitutakiIslander;Aitutaki Islander;The ethnic group of Aitutaki Islander people.;ATCCIS
ALBNAN;Albanian;Albanian;The ethnic group of Albanian people.;ATCCIS
ALBANN;AlbanianItalians;Albanian-Italians;The ethnic group of Albanian-Italians people.;ACE Intelligence Model
ALEMAN;Alemannic;Alemannic;The ethnic group of Alemannic people.;ACE Intelligence Model
ALGRAN;Algerian;Algerian;The ethnic group of Algerian people.;ATCCIS
AMERUS;AmericanUS;American (US);The ethnic group of American (US) people.;ATCCIS
AMERIC;AmericoLiberians;Americo-Liberians;The ethnic group of Americo-Liberians people.;ACE Intelligence Model
AMERIN;Amerindian;Amerindian;The ethnic group of Amerindian people.;ACE Intelligence Model
AMHARA;Amhara;Amhara;The ethnic group of Amhara people.;ACE Intelligence Model
ANDORR;Andorran;Andorran;The ethnic group of Andorran people.;ACE Intelligence Model
ANGOLA;Angolares;Angolares;The ethnic group of Angolares people.;ACE Intelligence Model
ANTASA;Antaisaka;Antaisaka;The ethnic group of Antaisaka people.;ACE Intelligence Model
ARAB;Arab;Arab;The ethnic group of Arab people.;ATCCIS
ARABBE;ArabBerber;Arab-Berber;The ethnic group of Arab-Berber people.;ACE Intelligence Model
ARGNTN;Argentinian;Argentinian;The ethnic group of Argentinian people.;ATCCIS
ARMNAN;Armenian;Armenian;The ethnic group of Armenian people.;ATCCIS
ASNNFD;AsianNotFurtherDefined;Asian not further defined;The not further defined ethnic groups of Asian people.;ATCCIS
ASSYRN;Assyrian;Assyrian;The ethnic group of Assyrian people.;ATCCIS
ATUISL;AtiuIslander;Atiu Islander;The ethnic group of Atiu Islander people.;ATCCIS
AUSISL;AustralIslander;Austral Islander;The ethnic group of Austral Islander people.;ATCCIS
AUSTRL;Australian;Australian;The ethnic group of Australian people.;ATCCIS
AUSTRA;AustralianAboriginal;Australian Aboriginal;The ethnic group of Australian Aboriginal people.;ATCCIS
AUSTRN;Austrian;Austrian;The ethnic group of Austrian people.;ATCCIS
AYMARA;Aymara;Aymara;The ethnic group of Aymara people.;ACE Intelligence Model
AZERBA;Azerbaijani;Azerbaijani;The ethnic group of Azerbaijani people.;ACE Intelligence Model
AZERI;Azeri;Azeri;The ethnic group of Azeri people.;ACE Intelligence Model
BAHRAN;Bahraini;Bahraini;The ethnic group of Bahraini people.;ACE Intelligence Model
BAKONG;Bakongo;Bakongo;The ethnic group of Bakongo people.;ACE Intelligence Model
BALOCH;Baloch;Baloch;The ethnic group of Baloch people.;ACE Intelligence Model
BANDA;Banda;Banda;The ethnic group of Banda people.;ACE Intelligence Model
BANGLS;Bangladeshi;Bangladeshi;The ethnic group of Bangladeshi people.;ATCCIS
BANTU;Bantu;Bantu;The ethnic group of Bantu people.;ACE Intelligence Model
BANTBA;BantuBapounou;Bantu (Bapounou);The ethnic group of Bantu (Bapounou) people.;ACE Intelligence Model
BANTBT;BantuBateke;Bantu (Bateke);The ethnic group of Bantu (Bateke) people.;ACE Intelligence Model
BANTES;BantuEshira;Bantu (Eshira);The ethnic group of Bantu (Eshira) people.;ACE Intelligence Model
BANTFA;BantuFang;Bantu (Fang);The ethnic group of Bantu (Fang) people.;ACE Intelligence Model
BANTKO;BantuKongo;Bantu (Kongo);The ethnic group of Bantu (Kongo) people.;ACE Intelligence Model
BANTLU;BantuLuba;Bantu (Luba);The ethnic group of Bantu (Luba) people.;ACE Intelligence Model
BANTMO;BantuMongo;Bantu (Mongo);The ethnic group of Bantu (Mongo) people.;ACE Intelligence Model
BAOULE;Baoule;Baoule;The ethnic group of Baoule people.;ACE Intelligence Model
BASARW;Basarwa;Basarwa;The ethnic group of Basarwa people.;ACE Intelligence Model
BASHKR;Bashkir;Bashkir;The ethnic group of Bashkir people.;ACE Intelligence Model
BASQUE;Basque;Basque;The ethnic group of Basque people.;ACE Intelligence Model
BATSWA;Batswana;Batswana;The ethnic group of Batswana people.;ACE Intelligence Model
BAYA;Baya;Baya;The ethnic group of Baya people.;ACE Intelligence Model
BEJA;Beja;Beja;The ethnic group of Beja people.;ACE Intelligence Model
BELAU;BelauPalauIslander;Belau/Palau Islander;The ethnic group of Belau/Palau Islander people.;ATCCIS
BELGAN;Belgian;Belgian;The ethnic group of Belgian people.;ATCCIS
BELORU;Belorussian;Belorussian;The ethnic group of Belorussian people.;ACE Intelligence Model
BENGLI;Bengali;Bengali;The ethnic group of Bengali people.;ATCCIS
BERBER;Berber;Berber;The ethnic group of Berber people.;ACE Intelligence Model
BERIKA;BeriKanouri;Beri (Kanouri);The ethnic group of Beri (Kanouri) people.;ACE Intelligence Model
BETE;Bete;Bete;The ethnic group of Bete people.;ACE Intelligence Model
BETSIM;Betsimisaraka;Betsimisaraka;The ethnic group of Betsimisaraka people.;ACE Intelligence Model
BHOTE;Bhote;Bhote;The ethnic group of Bhote people.;ACE Intelligence Model
BHOTIA;Bhotias;Bhotias;The ethnic group of Bhotias people.;ACE Intelligence Model
BIHARS;Biharis;Biharis;The ethnic group of Biharis people.;ACE Intelligence Model
BIOKOB;BiokoBubi;Bioko (Bubi);The ethnic group of Bioko (Bubi) people.;ACE Intelligence Model
BIOKOF;BiokoFernandinos;Bioko (Fernandinos);The ethnic group of Bioko (Fernandinos) people.;ACE Intelligence Model
BISMAR;BismarkArchipelagoan;Bismark Archipelagoan;The ethnic group of Bismark Archipelagoan people.;ATCCIS
BLACK;Black;Black;The ethnic group of Black people.;ATCCIS
BLACKA;BlackAfrican;Black African;The ethnic group of Black African people.;ACE Intelligence Model
BOBO;Bobo;Bobo;The ethnic group of Bobo people.;ACE Intelligence Model
BOLIVN;Bolivian;Bolivian;The ethnic group of Bolivian people.;ATCCIS
BOSCRO;BosnianCroat;Bosnian Croat;The ethnic group of Bosnian Croat people.;ACE Intelligence Model
BOSMUS;BosnianMuslim;Bosnian Muslim;The ethnic group of Bosnian Muslim people.;ACE Intelligence Model
BOSSER;BosnianSerb;Bosnian Serb;The ethnic group of Bosnian Serb people.;ACE Intelligence Model
BOUGNV;Bougainvillean;Bougainvillean;The ethnic group of Bougainvillean people.;ATCCIS
BRAZLN;Brazilian;Brazilian;The ethnic group of Brazilian people.;ATCCIS
BRETON;Bretons;Bretons;The ethnic group of Bretons people.;ACE Intelligence Model
BRTNEC;BritishNotElsewhereClassified;British not elsewhere classified;The not elsewhere classified ethnic groups of British people.;ATCCIS
BRTNFD;BritishNotFurtherDefined;British not further defined;The not further defined ethnic groups of British people.;ATCCIS
BULGRN;Bulgarian;Bulgarian;The ethnic group of Bulgarian people.;ATCCIS
BURGHR;Burgher;Burgher;The ethnic group of Burgher people.;ATCCIS
BURMAN;Burman;Burman;The ethnic group of Burman people.;ACE Intelligence Model
BURMSE;Burmese;Burmese;The ethnic group of Burmese people.;ATCCIS
BUYI;Buyi;Buyi;The ethnic group of Buyi people.;ACE Intelligence Model
BYLRSN;Byelorussian;Byelorussian;The ethnic group of Byelorussian people.;ATCCIS
CAFRE;Cafre;Cafre;The ethnic group of Cafre people.;ACE Intelligence Model
CAMERO;CameroonHighlanders;Cameroon Highlanders;The ethnic group of Cameroon Highlanders people.;ACE Intelligence Model
CANADN;Canadian;Canadian;The ethnic group of Canadian people.;ATCCIS
CARIBN;CaribIndian;Carib Indian;The ethnic group of Carib Indian people.;ACE Intelligence Model
CARISL;CarolineIslander;Caroline Islander;The ethnic group of Caroline Islander people.;ATCCIS
CAUCAS;Caucasian;Caucasian;The ethnic group of Caucasian people.;ACE Intelligence Model
CELTIC;Celtic;Celtic;The ethnic group of Celtic people.;ATCCIS
CENAMR;CentralAmericanIndian;Central American Indian;The ethnic group of Central American Indian people.;ATCCIS
CHAHAR;ChaharAimaks;Chahar Aimaks;The ethnic group of Chahar Aimaks people.;ACE Intelligence Model
CHAM;Cham;Cham;The ethnic group of Cham people.;ACE Intelligence Model
CHAMOR;Chamorro;Chamorro;The ethnic group of Chamorro people.;ACE Intelligence Model
CHNISL;ChannelIslander;Channel Islander;The ethnic group of Channel Islander people.;ATCCIS
CHEWA;Chewa;Chewa;The ethnic group of Chewa people.;ACE Intelligence Model
CHLEAN;Chilean;Chilean;The ethnic group of Chilean people.;ATCCIS
CHNNEC;ChineseNotElsewhereClassified;Chinese not elsewhere classified;The not elsewhere classified ethnic groups of Chinese people.;ATCCIS
CHNNFD;ChineseNotFurtherDefined;Chinese not further defined;The not further defined ethnic groups of Chinese people.;ATCCIS
CHRSTN;ChristianMalay;Christian Malay;The ethnic group of Christian Malay people.;ACE Intelligence Model
CHUVAS;Chuvash;Chuvash;The ethnic group of Chuvash people.;ACE Intelligence Model
CIRCAS;Circassian;Circassian;The ethnic group of Circassian people.;ACE Intelligence Model
COASTA;CoastalMalays;Coastal Malays;The ethnic group of Coastal Malays people.;ACE Intelligence Model
COCOSM;CocosMalays;Cocos Malays;The ethnic group of Cocos Malays people.;ACE Intelligence Model
COLMBN;Colombian;Colombian;The ethnic group of Colombian people.;ATCCIS
COMORA;Comoran;Comoran;The ethnic group of Comoran people.;ACE Intelligence Model
COKNFD;CookIslandMaoriNotFurtherDefined;Cook Island Maori not further defined;The not further defined ethnic groups of Cook Island Maori people.;ATCCIS
CORNSH;Cornish;Cornish;The ethnic group of Cornish people.;ATCCIS
CORSCN;Corsican;Corsican;The ethnic group of Corsican people.;ATCCIS
COSTRN;CostaRican;Costa Rican;The ethnic group of Costa Rican people.;ATCCIS
COTIER;Cotiers;Cotiers;The ethnic group of Cotiers people.;ACE Intelligence Model
CREOLE;Creole;Creole;The ethnic group of Creole people.;ACE Intelligence Model
CRELLA;CreoleLatinAmerica;Creole (Latin America);The ethnic group of Creole (Latin America) people.;ATCCIS
CREOLM;CreoleMulatto;Creole (Mulatto);The ethnic group of Creole (Mulatto) people.;ACE Intelligence Model
CRELUS;CreoleUS;Creole (US);The ethnic group of Creole (US) people.;ATCCIS
CROATN;CroatCroatian;Croat/Croatian;The ethnic group of Croat/Croatian people.;ATCCIS
CYRNFD;CypriotNotFurtherDefined;Cypriot not further defined;The not further defined ethnic groups of Cypriot people.;ATCCIS
CZECH;Czech;Czech;The ethnic group of Czech people.;ATCCIS
DAGHES;Daghestanis;Daghestanis;The ethnic group of Daghestanis people.;ACE Intelligence Model
DALMTN;Dalmatian;Dalmatian;The ethnic group of Dalmatian people.;ATCCIS
DANISH;Danish;Danish;The ethnic group of Danish people.;ATCCIS
DIOLA;Diola;Diola;The ethnic group of Diola people.;ACE Intelligence Model
DJERMA;Djerma;Djerma;The ethnic group of Djerma people.;ACE Intelligence Model
DRAVID;Dravidian;Dravidian;The ethnic group of Dravidian people.;ACE Intelligence Model
DUTCH;DutchNetherlands;Dutch/Netherlands;The ethnic group of Dutch/Netherlands people.;ATCCIS
EASISL;EasterIslander;Easter Islander;The ethnic group of Easter Islander people.;ATCCIS
ECUDRN;Ecuadorian;Ecuadorian;The ethnic group of Ecuadorian people.;ATCCIS
EGYPTN;Egyptian;Egyptian;The ethnic group of Egyptian people.;ATCCIS
ENGLSH;English;English;The ethnic group of English people.;ATCCIS
EQUATO;EquatorialBantu;Equatorial Bantu;The ethnic group of Equatorial Bantu people.;ACE Intelligence Model
ERIRIA;Eririan;Eririan;The ethnic group of Eririan people.;ACE Intelligence Model
ESTONN;Estonian;Estonian;The ethnic group of Estonian people.;ATCCIS
ETHNCN;EthnicNepalese;Ethnic Nepalese;The ethnic group of Ethnic Nepalese people.;ACE Intelligence Model
ETHNCT;EthnicTigrays;Ethnic Tigrays;The ethnic group of Ethnic Tigrays people.;ACE Intelligence Model
EUROAF;EuroAfricans;Euro-Africans;The ethnic group of Euro-Africans people.;ACE Intelligence Model
EUROIN;Euronesians;Euronesians;The ethnic group of Euronesians people.;ACE Intelligence Model
EUROPE;EuropeanIndian;European-Indian;The ethnic group of European-Indian people.;ACE Intelligence Model
EURNEC;EuropeanNotElsewhereClassified;European not elsewhere classified;The not elsewhere classified ethnic groups of European people.;ATCCIS
EURNFD;EuropeanNotFurtherDefined;European not further defined;The not further defined ethnic groups of European people.;ATCCIS
EWE;Ewe;Ewe;The ethnic group of Ewe people.;ACE Intelligence Model
FLKISL;FalklandIslanderKelper;Falkland Islander/Kelper;The ethnic group of Falkland Islander/Kelper people.;ATCCIS
FAROES;Faroese;Faroese;The ethnic group of Faroese people.;ACE Intelligence Model
FIJIAN;FijianExceptFijiIndianIndoFijian;Fijian (except Fiji Indian/Indo-Fijian);The ethnic group of Fijian (except Fiji Indian/Indo-Fijian) people.;ATCCIS
FIJNIN;FijianIndianIndoFijian;Fijian Indian/Indo-Fijian;The ethnic group of Fijian Indian/Indo-Fijian people.;ATCCIS
FILPNO;Filipino;Filipino;The ethnic group of Filipino people.;ATCCIS
FINNSH;Finnish;Finnish;The ethnic group of Finnish people.;ATCCIS
FLEMSH;Flemish;Flemish;The ethnic group of Flemish people.;ATCCIS
FORROS;Forros;Forros;The ethnic group of Forros people.;ACE Intelligence Model
FRANCO;FrancoMauritian;Franco-Mauritian;The ethnic group of Franco-Mauritian people.;ACE Intelligence Model
FRENCH;French;French;The ethnic group of French people.;ATCCIS
FULA;Fula;Fula;The ethnic group of Fula people.;ACE Intelligence Model
FULANI;Fulani;Fulani;The ethnic group of Fulani people.;ACE Intelligence Model
GAELIC;Gaelic;Gaelic;The ethnic group of Gaelic people.;ATCCIS
GAGAUZ;Gagauz;Gagauz;The ethnic group of Gagauz people.;ACE Intelligence Model
GMBISL;GambierIslander;Gambier Islander;The ethnic group of Gambier Islander people.;ATCCIS
GARIFU;Garifuna;Garifuna;The ethnic group of Garifuna people.;ACE Intelligence Model
GEORGN;Georgian;Georgian;The ethnic group of Georgian people.;ACE Intelligence Model
GERMAN;German;German;The ethnic group of German people.;ATCCIS
GERMAL;GermanicAlpine;Germanic (Alpine);The ethnic group of Germanic (Alpine) people.;ACE Intelligence Model
GERMAB;GermanicBaltic;Germanic (Baltic);The ethnic group of Germanic (Baltic) people.;ACE Intelligence Model
GERMAR;GermanicNordic;Germanic (Nordic);The ethnic group of Germanic (Nordic) people.;ACE Intelligence Model
GILAKI;Gilaki;Gilaki;The ethnic group of Gilaki people.;ACE Intelligence Model
GOULAY;Goulaye;Goulaye;The ethnic group of Goulaye people.;ACE Intelligence Model
GOURMA;Gourmantche;Gourmantche;The ethnic group of Gourmantche people.;ACE Intelligence Model
GREEK;GreekInclGreekCypriot;Greek (incl Greek Cypriot);The ethnic group of Greek (incl Greek Cypriot) people.;ATCCIS
GREEKT;GreekItalians;Greek-Italians;The ethnic group of Greek-Italians people.;ACE Intelligence Model
GRNLND;Greenlander;Greenlander;The ethnic group of Greenlander people.;ATCCIS
GREENC;GreenlanderCaucasian;Greenlander (Caucasian);The ethnic group of Greenlander (Caucasian) people.;ACE Intelligence Model
GREENA;GreenlanderEskimo;Greenlander (Eskimo);The ethnic group of Greenlander (Eskimo) people.;ACE Intelligence Model
GUADLN;Guadalcanalian;Guadalcanalian;The ethnic group of Guadalcanalian people.;ATCCIS
GUMISL;GuamIslanderChamorro;Guam Islander/Chamorro;The ethnic group of Guam Islander/Chamorro people.;ATCCIS
GUATLN;Guatemalan;Guatemalan;The ethnic group of Guatemalan people.;ATCCIS
GUJART;Gujarati;Gujarati;The ethnic group of Gujarati people.;ATCCIS
GURAGE;Gurage;Gurage;The ethnic group of Gurage people.;ACE Intelligence Model
GURUNG;Gurungs;Gurungs;The ethnic group of Gurungs people.;ACE Intelligence Model
GURUNS;Gurunsi;Gurunsi;The ethnic group of Gurunsi people.;ACE Intelligence Model
GUYANS;Guyanese;Guyanese;The ethnic group of Guyanese people.;ATCCIS
GYPSY;Gypsy;Gypsy;The ethnic group of Gypsy people.;ACE Intelligence Model
HAMTC;Hamitic;Hamitic;The ethnic group of Hamitic people.;ACE Intelligence Model
HAMTCM;HamiticMangbetuAzande;Hamitic (Mangbetu-Azande);The ethnic group of Hamitic (Mangbetu-Azande) people.;ACE Intelligence Model
HAN;HanChinese;Han Chinese;The ethnic group of Han Chinese people.;ACE Intelligence Model
HAUSA;Hausa;Hausa;The ethnic group of Hausa people.;ACE Intelligence Model
HAWIAN;Hawaiian;Hawaiian;The ethnic group of Hawaiian people.;ATCCIS
HAZARA;Hazara;Hazara;The ethnic group of Hazara people.;ACE Intelligence Model
HINDUS;Hindustani;Hindustani;The ethnic group of Hindustani people.;ACE Intelligence Model
HISPAN;Hispanic;Hispanic;The ethnic group of Hispanic people.;ACE Intelligence Model
HMONG;Hmong;Hmong;The ethnic group of Hmong people.;ACE Intelligence Model
HONDRN;Honduran;Honduran;The ethnic group of Honduran people.;ATCCIS
HKCHNS;HongKongChinese;Hong Kong Chinese;The ethnic group of Hong Kong Chinese people.;ATCCIS
HUI;Hui;Hui;The ethnic group of Hui people.;ACE Intelligence Model
HUNGRN;Hungarian;Hungarian;The ethnic group of Hungarian people.;ATCCIS
HUTU;Hutu;Hutu;The ethnic group of Hutu people.;ACE Intelligence Model
HUTUBA;HutuBantu;Hutu (Bantu);The ethnic group of Hutu (Bantu) people.;ACE Intelligence Model
IKRBAT;IKiribatiGilbertese;I-Kiribati/Gilbertese;The ethnic group of I-Kiribati/Gilbertese people.;ATCCIS
IBOS;Ibos;Ibos;The ethnic group of Ibos people.;ACE Intelligence Model
ICLNDR;Icelander;Icelander;The ethnic group of Icelander people.;ATCCIS
INDNEC;IndianNotElsewhereClassified;Indian not elsewhere classified;The not elsewhere classified ethnic groups of Indian people.;ATCCIS
INDNFD;IndianNotFurtherDefined;Indian not further defined;The not further defined ethnic groups of Indian people.;ATCCIS
INDIGE;IndigenousEskimo;Indigenous Eskimo;The ethnic group of Indigenous Eskimo people.;ACE Intelligence Model
INDIGN;IndigenousIndian;Indigenous Indian;The ethnic group of Indigenous Indian people.;ACE Intelligence Model
INDIGM;IndigenousMelanesian;Indigenous Melanesian;The ethnic group of Indigenous Melanesian people.;ACE Intelligence Model
INDOAR;IndoAryan;Indo-Aryan;The ethnic group of Indo-Aryan people.;ACE Intelligence Model
INDOMA;IndoMauritian;Indo-Mauritian;The ethnic group of Indo-Mauritian people.;ACE Intelligence Model
INDOCH;Indochinese;Indochinese;The ethnic group of Indochinese people.;ACE Intelligence Model
INDOSN;IndonesianInclJavaneseSundaneseSumatran;Indonesian (incl Javanese/Sundanese/Sumatran);The ethnic group of Indonesian (incl Javanese/Sundanese/Sumatran) people.;ATCCIS
INUIT;InuitEskimo;Inuit/Eskimo;The ethnic group of Inuit/Eskimo people.;ATCCIS
IRNPER;IranianPersian;Iranian/Persian;The ethnic group of Iranian/Persian people.;ATCCIS
IRAQI;Iraqi;Iraqi;The ethnic group of Iraqi people.;ATCCIS
IRISH;Irish;Irish;The ethnic group of Irish people.;ATCCIS
ISRJEW;IsraeliJewishHebrew;Israeli/Jewish/Hebrew;The ethnic group of Israeli/Jewish/Hebrew people.;ATCCIS
ITALAN;Italian;Italian;The ethnic group of Italian people.;ATCCIS
ITALFR;ItalianFrench;Italian-French;The ethnic group of Italian-French people.;ACE Intelligence Model
ITALGE;ItalianGerman;Italian-German;The ethnic group of Italian-German people.;ACE Intelligence Model
ITALSL;ItalianSlovene;Italian-Slovene;The ethnic group of Italian-Slovene people.;ACE Intelligence Model
JAMACN;Jamaican;Jamaican;The ethnic group of Jamaican people.;ATCCIS
JAPNES;Japanese;Japanese;The ethnic group of Japanese people.;ATCCIS
JAVANE;Javanese;Javanese;The ethnic group of Javanese people.;ACE Intelligence Model
JEWISH;Jewish;Jewish;The ethnic group of Jewish people.;ACE Intelligence Model
JORDNN;Jordanian;Jordanian;The ethnic group of Jordanian people.;ATCCIS
KABYE;Kabye;Kabye;The ethnic group of Kabye people.;ACE Intelligence Model
KALANG;Kalanga;Kalanga;The ethnic group of Kalanga people.;ACE Intelligence Model
KALENJ;Kalenjin;Kalenjin;The ethnic group of Kalenjin people.;ACE Intelligence Model
KAMBA;Kamba;Kamba;The ethnic group of Kamba people.;ACE Intelligence Model
KAMCHN;KampucheanChinese;Kampuchean Chinese;The ethnic group of Kampuchean Chinese people.;ATCCIS
KANAKA;KanakaKanak;Kanaka/Kanak;The ethnic group of Kanaka/Kanak people.;ATCCIS
KARAKA;Karakalpaks;Karakalpaks;The ethnic group of Karakalpaks people.;ACE Intelligence Model
KAREN;Karen;Karen;The ethnic group of Karen people.;ACE Intelligence Model
KAZAKH;Kazakh;Kazakh;The ethnic group of Kazakh people.;ACE Intelligence Model
KAZAKQ;KazakhQazaq;Kazakh (Qazaq);The ethnic group of Kazakh (Qazaq) people.;ACE Intelligence Model
KENYAN;Kenyan;Kenyan;The ethnic group of Kenyan people.;ATCCIS
KGALAG;Kgalagadi;Kgalagadi;The ethnic group of Kgalagadi people.;ACE Intelligence Model
KHMER;KhmerKampucheanCambodian;Khmer/Kampuchean/Cambodian;The ethnic group of Khmer/Kampuchean/Cambodian people.;ATCCIS
KIKUYU;Kikuyu;Kikuyu;The ethnic group of Kikuyu people.;ACE Intelligence Model
KIMBUN;Kimbundu;Kimbundu;The ethnic group of Kimbundu people.;ACE Intelligence Model
KIRDI;Kirdi;Kirdi;The ethnic group of Kirdi people.;ACE Intelligence Model
KIRGHZ;Kirghiz;Kirghiz;The ethnic group of Kirghiz people.;ACE Intelligence Model
KISII;Kisii;Kisii;The ethnic group of Kisii people.;ACE Intelligence Model
KONGO;Kongo;Kongo;The ethnic group of Kongo people.;ACE Intelligence Model
KOREAN;Korean;Korean;The ethnic group of Korean people.;ATCCIS
KUNAMA;Kunama;Kunama;The ethnic group of Kunama people.;ACE Intelligence Model
KURD;Kurd;Kurd;The ethnic group of Kurd people.;ATCCIS
KUWAIT;Kuwaiti;Kuwaiti;The ethnic group of Kuwaiti people.;ACE Intelligence Model
LADINO;LadinoIndianEuropean;Ladino (Indian/European);The ethnic group of Ladino (Indian/European) people.;ACE Intelligence Model
LAOTAN;LaoLaotian;Lao/Laotian;The ethnic group of Lao/Laotian people.;ATCCIS
LAPP;Lapp;Lapp;The ethnic group of Lapp people.;ACE Intelligence Model
LATIN;Latin;Latin;The ethnic group of Latin people.;ACE Intelligence Model
LATNEC;LatinAmericanHispanicNotElsewhereClassified;Latin American/Hispanic not elsewhere classified;The not elsewhere classified ethnic groups of Latin American/Hispanic people.;ATCCIS
LATNFD;LatinAmericanHispanicNotFurtherDefined;Latin American/Hispanic not further defined;The not further defined ethnic groups of Latin American/Hispanic people.;ATCCIS
LATVAN;Latvian;Latvian;The ethnic group of Latvian people.;ATCCIS
LEBNSE;Lebanese;Lebanese;The ethnic group of Lebanese people.;ATCCIS
LIBYAN;Libyan;Libyan;The ethnic group of Libyan people.;ATCCIS
LIMBUS;Limbus;Limbus;The ethnic group of Limbus people.;ACE Intelligence Model
LITHUN;Lithuanian;Lithuanian;The ethnic group of Lithuanian people.;ATCCIS
LOBI;Lobi;Lobi;The ethnic group of Lobi people.;ACE Intelligence Model
LOMWE;Lomwe;Lomwe;The ethnic group of Lomwe people.;ACE Intelligence Model
LUHYA;Luhya;Luhya;The ethnic group of Luhya people.;ACE Intelligence Model
LUO;Luo;Luo;The ethnic group of Luo people.;ACE Intelligence Model
LUR;Lur;Lur;The ethnic group of Lur people.;ACE Intelligence Model
MACDNN;Macedonian;Macedonian;The ethnic group of Macedonian people.;ATCCIS
MADURE;Madurese;Madurese;The ethnic group of Madurese people.;ACE Intelligence Model
MAGARS;Magars;Magars;The ethnic group of Magars people.;ACE Intelligence Model
MAKOA;Makoa;Makoa;The ethnic group of Makoa people.;ACE Intelligence Model
MALAGA;Malagasy;Malagasy;The ethnic group of Malagasy people.;ACE Intelligence Model
MALATN;Malaitian;Malaitian;The ethnic group of Malaitian people.;ATCCIS
MALAY;MalayMalayan;Malay/Malayan;The ethnic group of Malay/Malayan people.;ATCCIS
MALAYA;MalayaIndonesianBetwileo;Malaya-Indonesian (Betwileo);The ethnic group of Malaya-Indonesian (Betwileo) people.;ACE Intelligence Model
MALAYI;MalayoIndonesian;Malayo-Indonesian;The ethnic group of Malayo-Indonesian people.;ACE Intelligence Model
MALAYM;MalayoIndonesianMerina;Malayo-Indonesian (Merina);The ethnic group of Malayo-Indonesian (Merina) people.;ACE Intelligence Model
MALCHN;MalaysianChinese;Malaysian Chinese;The ethnic group of Malaysian Chinese people.;ATCCIS
MALINK;Malinke;Malinke;The ethnic group of Malinke people.;ACE Intelligence Model
MALTSE;Maltese;Maltese;The ethnic group of Maltese people.;ATCCIS
MALVAN;MalvinianSpanishSpeakingFalklandIslander;Malvinian (Spanish-speaking Falkland Islander);The ethnic group of Malvinian (Spanish-speaking Falkland Islander) people.;ATCCIS
MAN;Man;Man;The ethnic group of Man people.;ACE Intelligence Model
MANCHU;Manchu;Manchu;The ethnic group of Manchu people.;ACE Intelligence Model
MANDE;Mande;Mande;The ethnic group of Mande people.;ACE Intelligence Model
MANDEB;MandeBambara;Mande (Bambara);The ethnic group of Mande (Bambara) people.;ACE Intelligence Model
MANDEM;MandeMalinke;Mande (Malinke);The ethnic group of Mande (Malinke) people.;ACE Intelligence Model
MANDES;MandeSarakole;Mande (Sarakole);The ethnic group of Mande (Sarakole) people.;ACE Intelligence Model
MANDNG;Mandingo;Mandingo;The ethnic group of Mandingo people.;ACE Intelligence Model
MANDJI;Mandjia;Mandjia;The ethnic group of Mandjia people.;ACE Intelligence Model
MANGIS;MangaiaIslander;Mangaia Islander;The ethnic group of Mangaia Islander people.;ATCCIS
MANHIS;ManihikiIslander;Manihiki Islander;The ethnic group of Manihiki Islander people.;ATCCIS
MANUIS;ManusIslander;Manus Islander;The ethnic group of Manus Islander people.;ATCCIS
MANX;Manx;Manx;The ethnic group of Manx people.;ATCCIS
MAORI;Maori;Maori;The ethnic group of Maori people.;ACE Intelligence Model
MARISL;MarianasIslander;Marianas Islander;The ethnic group of Marianas Islander people.;ATCCIS
MARQIS;MarquesasIslander;Marquesas Islander;The ethnic group of Marquesas Islander people.;ATCCIS
MARSIS;MarshallIslander;Marshall Islander;The ethnic group of Marshall Islander people.;ATCCIS
MASSA;Massa;Massa;The ethnic group of Massa people.;ACE Intelligence Model
MAUKIS;MaukeIslander;Mauke Islander;The ethnic group of Mauke Islander people.;ATCCIS
MAUR;Maur;Maur;The ethnic group of Maur people.;ACE Intelligence Model
MAURTN;Mauritian;Mauritian;The ethnic group of Mauritian people.;ATCCIS
MAYA;Maya;Maya;The ethnic group of Maya people.;ACE Intelligence Model
MAZAND;Mazandarani;Mazandarani;The ethnic group of Mazandarani people.;ACE Intelligence Model
MBAKA;Mbaka;Mbaka;The ethnic group of Mbaka people.;ACE Intelligence Model
MBAYE;Mbaye;Mbaye;The ethnic group of Mbaye people.;ACE Intelligence Model
MBOCHI;Mbochi;Mbochi;The ethnic group of Mbochi people.;ACE Intelligence Model
MBOUM;Mboum;Mboum;The ethnic group of Mboum people.;ACE Intelligence Model
MELANE;Melanesian;Melanesian;The ethnic group of Melanesian people.;ACE Intelligence Model
MEO;Meo;Meo;The ethnic group of Meo people.;ACE Intelligence Model
MERU;Meru;Meru;The ethnic group of Meru people.;ACE Intelligence Model
MESTZE;MestizoIndianAndEuropean;Mestizo (Indian and European);The ethnic group of Mestizo (Indian and European) people.;ACE Intelligence Model
MESTZS;MestizoIndianAndSpanish;Mestizo (Indian and Spanish);The ethnic group of Mestizo (Indian and Spanish) people.;ACE Intelligence Model
MEXCAN;Mexican;Mexican;The ethnic group of Mexican people.;ATCCIS
MIAO;Miao;Miao;The ethnic group of Miao people.;ACE Intelligence Model
MICRON;Micronesian;Micronesian;The ethnic group of Micronesian people.;ACE Intelligence Model
MDENEC;MiddleEasternNotElsewhereClassified;Middle Eastern not elsewhere classified;The not elsewhere classified ethnic groups of Middle Eastern people.;ATCCIS
MDENFD;MiddleEasternNotFurtherDefined;Middle Eastern not further defined;The not further defined ethnic groups of Middle Eastern people.;ATCCIS
MINA;Mina;Mina;The ethnic group of Mina people.;ACE Intelligence Model
MITISL;MitiaroIslander;Mitiaro Islander;The ethnic group of Mitiaro Islander people.;ATCCIS
MIXED;Mixed;Mixed;The ethnic group of Mixed people.;ACE Intelligence Model
MOLDOV;Moldovan;Moldovan;The ethnic group of Moldovan people.;ACE Intelligence Model
MON;Mon;Mon;The ethnic group of Mon people.;ACE Intelligence Model
MONEGA;Monegasque;Monegasque;The ethnic group of Monegasque people.;ACE Intelligence Model
MONGOL;Mongol;Mongol;The ethnic group of Mongol people.;ACE Intelligence Model
MONTEN;Montenegrins;Montenegrins;The ethnic group of Montenegrins people.;ACE Intelligence Model
MOOR;Moor;Moor;The ethnic group of Moor people.;ACE Intelligence Model
MORAVI;Moravian;Moravian;The ethnic group of Moravian people.;ACE Intelligence Model
MOROCN;Moroccan;Moroccan;The ethnic group of Moroccan people.;ATCCIS
MOSSI;Mossi;Mossi;The ethnic group of Mossi people.;ACE Intelligence Model
MOUND;Moundang;Moundang;The ethnic group of Moundang people.;ACE Intelligence Model
MOUSSE;Moussei;Moussei;The ethnic group of Moussei people.;ACE Intelligence Model
MUHAJR;Muhajir;Muhajir;The ethnic group of Muhajir people.;ACE Intelligence Model
MULATT;Mulatto;Mulatto;The ethnic group of Mulatto people.;ACE Intelligence Model
MUONG;Muong;Muong;The ethnic group of Muong people.;ACE Intelligence Model
MUSLIM;Muslim;Muslim;The ethnic group of Muslim people.;ACE Intelligence Model
MUSLMA;MuslimArab;Muslim (Arab);The ethnic group of Muslim (Arab) people.;ACE Intelligence Model
MUSLMB;MuslimBaguirmi;Muslim (Baguirmi);The ethnic group of Muslim (Baguirmi) people.;ACE Intelligence Model
MUSIMO;MuslimBoulala;Muslim (Boulala);The ethnic group of Muslim (Boulala) people.;ACE Intelligence Model
MUSLMF;MuslimFulbe;Muslim (Fulbe);The ethnic group of Muslim (Fulbe) people.;ACE Intelligence Model
MUSLMH;MuslimHadjerai;Muslim (Hadjerai);The ethnic group of Muslim (Hadjerai) people.;ACE Intelligence Model
MUSLMK;MuslimKanembou;Muslim (Kanembou);The ethnic group of Muslim (Kanembou) people.;ACE Intelligence Model
MUSLMT;MuslimKotoko;Muslim (Kotoko);The ethnic group of Muslim (Kotoko) people.;ACE Intelligence Model
MUSLMM;MuslimMaba;Muslim (Maba);The ethnic group of Muslim (Maba) people.;ACE Intelligence Model
MUSLMY;MuslimMalay;Muslim (Malay);The ethnic group of Muslim (Malay) people.;ACE Intelligence Model
MUSLMU;MuslimToubou;Muslim (Toubou);The ethnic group of Muslim (Toubou) people.;ACE Intelligence Model
MUSLMZ;MuslimZaghawa;Muslim (Zaghawa);The ethnic group of Muslim (Zaghawa) people.;ACE Intelligence Model
NATVEF;NativeAfrican;Native African;The ethnic group of Native African people.;ACE Intelligence Model
NATVEM;NativeAmerican;Native American;The ethnic group of Native American people.;ACE Intelligence Model
NAUISL;NauruIslander;Nauru Islander;The ethnic group of Nauru Islander people.;ATCCIS
NEGRIT;Negrito;Negrito;The ethnic group of Negrito people.;ACE Intelligence Model
NEPLSE;Nepalese;Nepalese;The ethnic group of Nepalese people.;ATCCIS
NEWBRT;NewBritainIslander;New Britain Islander;The ethnic group of New Britain Islander people.;ATCCIS
NEWCAL;NewCaledonian;New Caledonian;The ethnic group of New Caledonian people.;ATCCIS
NEWGER;NewGeorgian;New Georgian;The ethnic group of New Georgian people.;ATCCIS
NEWIRL;NewIrelander;New Irelander;The ethnic group of New Irelander people.;ATCCIS
NEWZLE;NewZealandEuropeanPakeha;New Zealand European/Pakeha;The ethnic group of New Zealand European/Pakeha people.;ATCCIS
NEWZLM;NewZealandMaori;New Zealand Maori;The ethnic group of New Zealand Maori people.;ATCCIS
NEWZEA;NewZealander;New Zealander;The ethnic group of New Zealander people.;ACE Intelligence Model
NEWARS;Newars;Newars;The ethnic group of Newars people.;ACE Intelligence Model
NGAMBY;Ngambye;Ngambye;The ethnic group of Ngambye people.;ACE Intelligence Model
NGONDE;Ngonde;Ngonde;The ethnic group of Ngonde people.;ACE Intelligence Model
NGONI;Ngoni;Ngoni;The ethnic group of Ngoni people.;ACE Intelligence Model
NICRGN;Nicaraguan;Nicaraguan;The ethnic group of Nicaraguan people.;ATCCIS
NIGRAN;Nigerian;Nigerian;The ethnic group of Nigerian people.;ATCCIS
NIUEAN;Niuean;Niuean;The ethnic group of Niuean people.;ATCCIS
NORDIC;Nordic;Nordic;The ethnic group of Nordic people.;ACE Intelligence Model
NORMAN;Norman;Norman;The ethnic group of Norman people.;ACE Intelligence Model
NORMFR;NormanFrench;Norman-French;The ethnic group of Norman-French people.;ACE Intelligence Model
NORTAF;NorthAfrican;North African;The ethnic group of North African people.;ACE Intelligence Model
NAINDN;NorthAmericanIndian;North American Indian;The ethnic group of North American Indian people.;ATCCIS
NORWGN;Norwegian;Norwegian;The ethnic group of Norwegian people.;ATCCIS
NYANJA;Nyanja;Nyanja;The ethnic group of Nyanja people.;ACE Intelligence Model
OCNISL;OceanIslanderBanaban;Ocean Islander/Banaban;The ethnic group of Ocean Islander/Banaban people.;ATCCIS
OIMATS;Oimatsaha;Oimatsaha;The ethnic group of Oimatsaha people.;ACE Intelligence Model
OMANI;Omani;Omani;The ethnic group of Omani people.;ATCCIS
ORIENT;Oriental;Oriental;The ethnic group of Oriental people.;ACE Intelligence Model
ORKISL;OrkneyIslander;Orkney Islander;The ethnic group of Orkney Islander people.;ATCCIS
OROMO;Oromo;Oromo;The ethnic group of Oromo people.;ACE Intelligence Model
OSSET;Ossetian;Ossetian;The ethnic group of Ossetian people.;ACE Intelligence Model
OAFNEC;OtherAfricanNotElsewhereClassified;Other African not elsewhere classified;The ethnic group of Other African not elsewhere classified people.;ATCCIS
OASNEC;OtherAsianNotElsewhereClassified;Other Asian not elsewhere classified;The ethnic group of Other Asian not elsewhere classified people.;ATCCIS
OEUNFD;OtherEuropeanNotFurtherDefined;Other European not further defined;The ethnic group of Other European not further defined people.;ATCCIS
OPANFD;OtherPacificIslandGroupsNotFurtherDefined;Other Pacific Island Groups not further defined;The ethnic group of Other Pacific Island Groups not further defined people.;ATCCIS
OPANEC;OtherPacificIslandNotElsewhereClassified;Other Pacific Island not elsewhere classified;The ethnic group of Other Pacific Island not elsewhere classified people.;ATCCIS
OSANEC;OtherSoutheastAsianNotElsewhereClassified;Other Southeast Asian not elsewhere classified;The ethnic group of Other Southeast Asian not elsewhere classified people.;ATCCIS
OVIMBU;Ovimbundu;Ovimbundu;The ethnic group of Ovimbundu people.;ACE Intelligence Model
PACNFD;PacificIslandNotFurtherDefined;Pacific Island not further defined;The not further defined ethnic groups of Pacific Island people.;ATCCIS
PAKSTN;Pakistani;Pakistani;The ethnic group of Pakistani people.;ATCCIS
PALAUA;Palauans;Palauans;The ethnic group of Palauans people.;ACE Intelligence Model
PALSTN;Palestinian;Palestinian;The ethnic group of Palestinian people.;ATCCIS
PALMIS;PalmerstonIslander;Palmerston Islander;The ethnic group of Palmerston Islander people.;ATCCIS
PANMAN;Panamanian;Panamanian;The ethnic group of Panamanian people.;ATCCIS
PAPUAN;PapuanNewGuineanIrianJayan;Papuan/New Guinean/Irian Jayan;The ethnic group of Papuan/New Guinean/Irian Jayan people.;ATCCIS
PARGYN;Paraguayan;Paraguayan;The ethnic group of Paraguayan people.;ATCCIS
PASHTU;Pashtun;Pashtun;The ethnic group of Pashtun people.;ACE Intelligence Model
PASHTP;PashtunPathan;Pashtun (Pathan);The ethnic group of Pashtun (Pathan) people.;ACE Intelligence Model
PENISL;PenrhynIslander;Penrhyn Islander;The ethnic group of Penrhyn Islander people.;ATCCIS
PERSAN;Persian;Persian;The ethnic group of Persian people.;ACE Intelligence Model
PERUVN;Peruvian;Peruvian;The ethnic group of Peruvian people.;ATCCIS
PEUL;Peul;Peul;The ethnic group of Peul people.;ACE Intelligence Model
PHNISL;PhoenixIslander;Phoenix Islander;The ethnic group of Phoenix Islander people.;ATCCIS
PHOUTH;PhoutheungKya;Phoutheung (Kya);The ethnic group of Phoutheung (Kya) people.;ACE Intelligence Model
PITISL;PitcairnIslander;Pitcairn Islander;The ethnic group of Pitcairn Islander people.;ATCCIS
POLISH;Polish;Polish;The ethnic group of Polish people.;ATCCIS
POLYNE;Polynesian;Polynesian;The ethnic group of Polynesian people.;ACE Intelligence Model
POLYNS;PolynesianSamoan;Polynesian (Samoan);The ethnic group of Polynesian (Samoan) people.;ACE Intelligence Model
POLYNT;PolynesianTongans;Polynesian (Tongans);The ethnic group of Polynesian (Tongans) people.;ACE Intelligence Model
PORTGS;Portuguese;Portuguese;The ethnic group of Portuguese people.;ATCCIS
PUERTR;PuertoRican;Puerto Rican;The ethnic group of Puerto Rican people.;ATCCIS
PUKISL;PukapukaIslander;Pukapuka Islander;The ethnic group of Pukapuka Islander people.;ATCCIS
PUNJAB;Punjabi;Punjabi;The ethnic group of Punjabi people.;ATCCIS
QUECHU;Quechua;Quechua;The ethnic group of Quechua people.;ACE Intelligence Model
RAIS;Rais;Rais;The ethnic group of Rais people.;ACE Intelligence Model
RAKISL;RakahangaIslander;Rakahanga Islander;The ethnic group of Rakahanga Islander people.;ATCCIS
RAKHIN;Rakhine;Rakhine;The ethnic group of Rakhine people.;ACE Intelligence Model
RARTGN;Rarotongan;Rarotongan;The ethnic group of Rarotongan people.;ATCCIS
RIOMUN;RioMuniFang;Rio Muni (Fang);The ethnic group of Rio Muni (Fang) people.;ACE Intelligence Model
ROMANN;RomanianRumanian;Romanian/Rumanian;The ethnic group of Romanian/Rumanian people.;ATCCIS
ROMANS;Romansch;Romansch;The ethnic group of Romansch people.;ACE Intelligence Model
ROMANY;RomanyGypsy;Romany/Gypsy;The ethnic group of Romany/Gypsy people.;ATCCIS
ROTUMN;RotumanRotumanIslander;Rotuman/Rotuman Islander;The ethnic group of Rotuman/Rotuman Islander people.;ATCCIS
RUSSAN;Russian;Russian;The ethnic group of Russian people.;ATCCIS
RUTHEN;Ruthenian;Ruthenian;The ethnic group of Ruthenian people.;ACE Intelligence Model
RWANDA;Rwandans;Rwandans;The ethnic group of Rwandans people.;ACE Intelligence Model
SAHO;Saho;Saho;The ethnic group of Saho people.;ACE Intelligence Model
SAKALA;Sakalava;Sakalava;The ethnic group of Sakalava people.;ACE Intelligence Model
SAMMAR;Sammarinese;Sammarinese;The ethnic group of Sammarinese people.;ACE Intelligence Model
SAMOAN;Samoan;Samoan;The ethnic group of Samoan people.;ATCCIS
SAMOAP;SamoanPolynesian;Samoan (Polynesian);The ethnic group of Samoan (Polynesian) people.;ACE Intelligence Model
SANGHA;Sangha;Sangha;The ethnic group of Sangha people.;ACE Intelligence Model
SANISL;SantaCruzIslander;Santa Cruz Islander;The ethnic group of Santa Cruz Islander people.;ATCCIS
SARA;Sara;Sara;The ethnic group of Sara people.;ACE Intelligence Model
SARDNN;Sardinian;Sardinian;The ethnic group of Sardinian people.;ATCCIS
SCANDN;Scandinavian;Scandinavian;The ethnic group of Scandinavian people.;ACE Intelligence Model
SCOTSH;ScottishScots;Scottish (Scots);The ethnic group of Scottish (Scots) people.;ATCCIS
SENA;Sena;Sena;The ethnic group of Sena people.;ACE Intelligence Model
SENOUF;Senoufou;Senoufou;The ethnic group of Senoufou people.;ACE Intelligence Model
SENUFO;Senufo;Senufo;The ethnic group of Senufo people.;ACE Intelligence Model
SERBAN;SerbSerbian;Serb/Serbian;The ethnic group of Serb/Serbian people.;ATCCIS
SERER;Serer;Serer;The ethnic group of Serer people.;ACE Intelligence Model
SERVIC;Servicais;Servicais;The ethnic group of Servicais people.;ACE Intelligence Model
SEYISL;SeychellesIslander;Seychelles Islander;The ethnic group of Seychelles Islander people.;ATCCIS
SHAN;Shan;Shan;The ethnic group of Shan people.;ACE Intelligence Model
SHERPA;Sherpas;Sherpas;The ethnic group of Sherpas people.;ACE Intelligence Model
SHTISL;ShetlandIslander;Shetland Islander;The ethnic group of Shetland Islander people.;ATCCIS
SICLAN;Sicilian;Sicilian;The ethnic group of Sicilian people.;ACE Intelligence Model
SIDAMO;Sidamo;Sidamo;The ethnic group of Sidamo people.;ACE Intelligence Model
SIKH;Sikh;Sikh;The ethnic group of Sikh people.;ATCCIS
SINDHI;Sindhi;Sindhi;The ethnic group of Sindhi people.;ACE Intelligence Model
SINCHN;SingaporeanChinese;Singaporean Chinese;The ethnic group of Singaporean Chinese people.;ATCCIS
SINHLS;Sinhalese;Sinhalese;The ethnic group of Sinhalese people.;ATCCIS
SINOMA;SinoMauritian;Sino-Mauritian;The ethnic group of Sino-Mauritian people.;ACE Intelligence Model
SLAVIC;SlavicSlav;Slavic/Slav;The ethnic group of Slavic/Slav people.;ATCCIS
SLOVAK;Slovak;Slovak;The ethnic group of Slovak people.;ATCCIS
SLOVNE;SloveneSlovenian;Slovene/Slovenian;The ethnic group of Slovene/Slovenian people.;ATCCIS
SOCISL;SocietyIslanderIncludingTahitian;Society Islander (including Tahitian);The ethnic group of Society Islander (including Tahitian) people.;ATCCIS
SOLISL;SolomonIslander;Solomon Islander;The ethnic group of Solomon Islander people.;ATCCIS
SOLVEN;Solvene;Solvene;The ethnic group of Solvene people.;ACE Intelligence Model
SOMALI;Somali;Somali;The ethnic group of Somali people.;ATCCIS
SONGHA;Songhai;Songhai;The ethnic group of Songhai people.;ACE Intelligence Model
SOTHO;Sotho;Sotho;The ethnic group of Sotho people.;ACE Intelligence Model
SOUSSO;Soussou;Soussou;The ethnic group of Soussou people.;ACE Intelligence Model
SOUAFR;SouthAfrican;South African;The ethnic group of South African people.;ATCCIS
SOUAMR;SouthAmericanIndian;South American Indian;The ethnic group of South American Indian people.;ATCCIS
SOUTHA;SouthAsian;South Asian;The ethnic group of South Asian people.;ACE Intelligence Model
SLVNFD;SouthSlavFormerlyYugoslavGroupsNotFurtherDefined;South Slav (formerly Yugoslav groups) not further defined;The not further defined ethnic groups of South Slav (formerly Yugoslav groups) people.;ATCCIS
SLVNEC;SouthSlavFormerlyYugoslavNotElsewhereClassified;South Slav (formerly Yugoslav) not elsewhere classified;The not elsewhere classified ethnic groups of South Slav (formerly Yugoslav) people.;ATCCIS
SOUNFD;SoutheastAsianNotFurtherDefined;Southeast Asian not further defined;The not further defined ethnic groups of Southeast Asian people.;ATCCIS
SPANSH;Spanish;Spanish;The ethnic group of Spanish people.;ATCCIS
SRINEC;SriLankanNotElsewhereClassified;Sri Lankan not elsewhere classified;The not elsewhere classified ethnic groups of Sri Lankan people.;ATCCIS
SRINFD;SriLankanNotFurtherDefined;Sri Lankan not further defined;The not further defined ethnic groups of Sri Lankan people.;ATCCIS
SRITML;SriLankanTamil;Sri Lankan Tamil;The ethnic group of Sri Lankan Tamil people.;ATCCIS
SUNDAN;Sundanese;Sundanese;The ethnic group of Sundanese people.;ACE Intelligence Model
SWEDSH;Swedish;Swedish;The ethnic group of Swedish people.;ATCCIS
SWISS;Swiss;Swiss;The ethnic group of Swiss people.;ATCCIS
SYRIAN;Syrian;Syrian;The ethnic group of Syrian people.;ATCCIS
SYRANL;SyrianLebanese;Syrian-Lebanese;The ethnic group of Syrian-Lebanese people.;ACE Intelligence Model
SYROLE;SyroLebanese;Syro-Lebanese;The ethnic group of Syro-Lebanese people.;ACE Intelligence Model
TAHITN;TahitianIncludingSocietyIslander;Tahitian (including Society Islander);The ethnic group of Tahitian (including Society Islander) people.;ATCCIS
TAICHN;TaiwaneseChinese;Taiwanese Chinese;The ethnic group of Taiwanese Chinese people.;ATCCIS
TAJIK;Tajik;Tajik;The ethnic group of Tajik people.;ACE Intelligence Model
TAMANG;Tamangs;Tamangs;The ethnic group of Tamangs people.;ACE Intelligence Model
TAMIL;Tamil;Tamil;The ethnic group of Tamil people.;ATCCIS
TATAR;Tatar;Tatar;The ethnic group of Tatar people.;ACE Intelligence Model
TEKE;Teke;Teke;The ethnic group of Teke people.;ACE Intelligence Model
TEUTON;Teutonic;Teutonic;The ethnic group of Teutonic people.;ACE Intelligence Model
THAI;ThaiTaiSiamese;Thai/Tai/Siamese;The ethnic group of Thai/Tai/Siamese people.;ATCCIS
TIBETN;Tibetan;Tibetan;The ethnic group of Tibetan people.;ATCCIS
TIGREA;Tigrean;Tigrean;The ethnic group of Tigrean people.;ACE Intelligence Model
TOKELN;Tokelauan;Tokelauan;The ethnic group of Tokelauan people.;ATCCIS
TONGAN;Tongan;Tongan;The ethnic group of Tongan people.;ATCCIS
TONGAS;Tongas;Tongas;The ethnic group of Tongas people.;ACE Intelligence Model
TORISL;TorresStraitIslanderThursdayIslander;Torres Strait Islander/Thursday Islander;The ethnic group of Torres Strait Islander/Thursday Islander people.;ATCCIS
TOUBOU;Toubou;Toubou;The ethnic group of Toubou people.;ACE Intelligence Model
TOUCOU;Toucouleur;Toucouleur;The ethnic group of Toucouleur people.;ACE Intelligence Model
TSIMHE;Tsimihety;Tsimihety;The ethnic group of Tsimihety people.;ACE Intelligence Model
TUAISL;TuamotuIslander;Tuamotu Islander;The ethnic group of Tuamotu Islander people.;ATCCIS
TUAREG;Tuareg;Tuareg;The ethnic group of Tuareg people.;ACE Intelligence Model
TUMBUK;Tumbuko;Tumbuko;The ethnic group of Tumbuko people.;ACE Intelligence Model
TUNISN;Tunisian;Tunisian;The ethnic group of Tunisian people.;ATCCIS
TURKSH;TurkishInclTurkishCypriot;Turkish (incl Turkish Cypriot);The ethnic group of Turkish (incl Turkish Cypriot) people.;ATCCIS
TURKME;Turkmen;Turkmen;The ethnic group of Turkmen people.;ACE Intelligence Model
TURKOM;Turkoman;Turkoman;The ethnic group of Turkoman people.;ACE Intelligence Model
TUTSI;TutsiHamitic;Tutsi (Hamitic);The ethnic group of Tutsi (Hamitic) people.;ACE Intelligence Model
TUVISL;TuvaluIslanderElliceIslander;Tuvalu Islander/Ellice Islander;The ethnic group of Tuvalu Islander/Ellice Islander people.;ATCCIS
TWA;TwaPygmy;Twa (Pygmy);The ethnic group of Twa (Pygmy) people.;ACE Intelligence Model
UGANDN;Ugandan;Ugandan;The ethnic group of Ugandan people.;ATCCIS
UKRANN;Ukrainian;Ukrainian;The ethnic group of Ukrainian people.;ATCCIS
URUGYN;Uruguayan;Uruguayan;The ethnic group of Uruguayan people.;ATCCIS
UYGUR;Uygur;Uygur;The ethnic group of Uygur people.;ACE Intelligence Model
UZBEK;Uzbek;Uzbek;The ethnic group of Uzbek people.;ACE Intelligence Model
VANUAT;VanuatuIslanderNewHebridean;Vanuatu Islander/New Hebridean;The ethnic group of Vanuatu Islander/New Hebridean people.;ATCCIS
VEDDA;Vedda;Vedda;The ethnic group of Vedda people.;ACE Intelligence Model
VENEZN;Venezuelan;Venezuelan;The ethnic group of Venezuelan people.;ATCCIS
VIETNM;Vietnamese;Vietnamese;The ethnic group of Vietnamese people.;ATCCIS
VITCHN;VietnameseChinese;Vietnamese Chinese;The ethnic group of Vietnamese Chinese people.;ATCCIS
VLACHS;Vlachs;Vlachs;The ethnic group of Vlachs people.;ACE Intelligence Model
VOLTAC;Voltaic;Voltaic;The ethnic group of Voltaic people.;ACE Intelligence Model
WAKISL;WakeIslander;Wake Islander;The ethnic group of Wake Islander people.;ATCCIS
WALISL;WallisIslander;Wallis Islander;The ethnic group of Wallis Islander people.;ATCCIS
WALLIS;Wallisian;Wallisian;The ethnic group of Wallisian people.;ACE Intelligence Model
WALLOO;Walloon;Walloon;The ethnic group of Walloon people.;ACE Intelligence Model
WELSH;Welsh;Welsh;The ethnic group of Welsh people.;ATCCIS
WSTIND;WestIndianCaribbean;West Indian/Caribbean;The ethnic group of West Indian/Caribbean people.;ATCCIS
WHITE;White;White;The ethnic group of White people.;ACE Intelligence Model
WOLOF;Wolof;Wolof;The ethnic group of Wolof people.;ACE Intelligence Model
YAO;Yao;Yao;The ethnic group of Yao people.;ACE Intelligence Model
YAPISL;YapIslander;Yap Islander;The ethnic group of Yap Islander people.;ATCCIS
YEMENI;Yemeni;Yemeni;The ethnic group of Yemeni people.;ATCCIS
YI;Yi;Yi;The ethnic group of Yi people.;ACE Intelligence Model
YORUBA;Yoruba;Yoruba;The ethnic group of Yoruba people.;ACE Intelligence Model
YUGOSL;Yugoslavian;Yugoslavian;The ethnic group of Yugoslavian people.;ACE Intelligence Model
ZAIRAN;Zairians;Zairians;The ethnic group of Zairians people.;ACE Intelligence Model
ZANZIB;Zanzibari;Zanzibari;The ethnic group of Zanzibari people.;ACE Intelligence Model
ZHUANG;Zhuang;Zhuang;The ethnic group of Zhuang people.;ACE Intelligence Model
