PhysicalName;LogicalName;DisplayName;Documentation;source
ABK;Abkhazian;Abkhazian;The language of Abkhazian.;ISO 639-2
ACE;Achinese;Achinese;The language of Achinese.;ISO 639-2
ACH;Acoli;Acoli;The language of Acoli.;ISO 639-2
ADA;Adangme;Adangme;The language of Adangme.;ISO 639-2
ADY;Adyghe;Adyghe / Adygei;The language of Adyghe / Adygei.;ISO 639-2
AAR;Afar;Afar;The language of Afar.;ISO 639-2
AFH;Afrihili;Afrihili;The language of Afrihili.;ISO 639-2
AFR;Afrikaans;Afrikaans;The language of Afrikaans.;ISO 639-2
AFA;AfroAsiaticLanguage;Afro-Asiatic language;An Afro-Asiatic language.;ISO 639-2
AIN;Ainu;Ainu;The language of Ainu.;ISO 639-2
AKA;Akan;Akan;The language of Akan.;ISO 639-2
AKK;Akkadian;Akkadian;The language of Akkadian.;ISO 639-2
SQI;Albanian;Albanian;The language of Albanian.;ISO 639-2/T
ALE;Aleut;Aleut;The language of Aleut.;ISO 639-2
ALG;AlgonquianLanguage;Algonquian language;An Algonquian language.;ISO 639-2
TUT;AltaicLanguage;Altaic language;An Altaic language.;ISO 639-2
AMH;Amharic;Amharic;The language of Amharic.;ISO 639-2
ANP;Angika;Angika;The language of Angika.;ISO 639-2
APA;ApacheLanguage;Apache language;An Apache language.;ISO 639-2
ARA;Arabic;Arabic;The language of Arabic.;ISO 639-2
ARG;Aragonese;Aragonese;The language of Aragonese.;ISO 639-2
ARP;Arapaho;Arapaho;The language of Arapaho.;ISO 639-2
ARW;Arawak;Arawak;The language of Arawak.;ISO 639-2
HYE;Armenian;Armenian;The language of Armenian.;ISO 639-2/T
RUP;Aromanian;Aromanian / Arumanian / Macedo-Romanian;The language of Aromanian / Arumanian / Macedo-Romanian.;ISO 639-2
ART;ArtificialLanguage;Artificial language;An Artificial language.;ISO 639-2
ASM;Assamese;Assamese;The language of Assamese.;ISO 639-2
AST;Asturian;Asturian / Bable / Leonese / Asturleonese;The language of Asturian / Bable / Leonese / Asturleonese.;ISO 639-2
ATH;AthapascanLanguage;Athapascan language;An Athapascan language.;ISO 639-2
DEN;AthapascanSlave;Slave (Athapascan);The language of Slave (Athapascan).;ISO 639-2
AUS;AustralianLanguage;Australian language;An Australian language.;ISO 639-2
MAP;AustronesianLanguage;Austronesian language;An Austronesian language.;ISO 639-2
AVA;Avaric;Avaric;The language of Avaric.;ISO 639-2
AVE;Avestan;Avestan;The language of Avestan.;ISO 639-2
AWA;Awadhi;Awadhi;The language of Awadhi.;ISO 639-2
AYM;Aymara;Aymara;The language of Aymara.;ISO 639-2
AZE;Azerbaijani;Azerbaijani;The language of Azerbaijani.;ISO 639-2
BAN;Balinese;Balinese;The language of Balinese.;ISO 639-2
BAT;BalticLanguage;Baltic language;A Baltic language.;ISO 639-2
BAL;Baluchi;Baluchi;The language of Baluchi.;ISO 639-2
BAM;Bambara;Bambara;The language of Bambara.;ISO 639-2
BAI;BamilekeLanguage;Bamileke language;A Bamileke language.;ISO 639-2
BAD;BandaLanguage;Banda language;A Banda language.;ISO 639-2
BNT;BantuLanguage;Bantu language;A Bantu language.;ISO 639-2
BAS;Basa;Basa;The language of Basa.;ISO 639-2
BAK;Bashkir;Bashkir;The language of Bashkir.;ISO 639-2
EUS;Basque;Basque;The language of Basque.;ISO 639-2/T
BTK;BatakLanguage;Batak language;A Batak language.;ISO 639-2
BEJ;Beja;Beja / Bedawiyet;The language of Beja / Bedawiyet.;ISO 639-2
BEL;Belarusian;Belarusian;The language of Belarusian.;ISO 639-2
BEM;Bemba;Bemba;The language of Bemba.;ISO 639-2
BEN;Bengali;Bengali;The language of Bengali.;ISO 639-2
BER;BerberLanguage;Berber language;A Berber language.;ISO 639-2
BHO;Bhojpuri;Bhojpuri;The language of Bhojpuri.;ISO 639-2
BIH;BihariLanguage;Bihari language;A Bihari language.;ISO 639-2
BIK;Bikol;Bikol;The language of Bikol.;ISO 639-2
BIN;Bini;Bini / Edo;The language of Bini / Edo.;ISO 639-2
BIS;Bislama;Bislama;The language of Bislama.;ISO 639-2
BYN;Blin;Blin / Bilin;The language of Blin / Bilin.;ISO 639-2
ZBL;Blissymbols;Blissymbols / Blissymbolics / Bliss;The language of Blissymbols / Blissymbolics / Bliss.;ISO 639-2
BOS;Bosnian;Bosnian;The language of Bosnian.;ISO 639-2
BRA;Braj;Braj;The language of Braj.;ISO 639-2
BRE;Breton;Breton;The language of Breton.;ISO 639-2
BUG;Buginese;Buginese;The language of Buginese.;ISO 639-2
BUL;Bulgarian;Bulgarian;The language of Bulgarian.;ISO 639-2
BUA;Buriat;Buriat;The language of Buriat.;ISO 639-2
MYA;Burmese;Burmese;The language of Burmese.;ISO 639-2/T
CAD;Caddo;Caddo;The language of Caddo.;ISO 639-2
CAT;Catalan;Catalan / Valencian;The language of Catalan / Valencian.;ISO 639-2
CAU;CaucasianLanguage;Caucasian language;A Caucasian language.;ISO 639-2
CEB;Cebuano;Cebuano;The language of Cebuano.;ISO 639-2
CEL;CelticLanguage;Celtic language;A Celtic language.;ISO 639-2
CAI;CentralAmericanIndianLanguage;Central American Indian language;A Central American Indian language.;ISO 639-2
KHM;CentralKhmer;Central Khmer;The language of Central Khmer.;ISO 639-2
CHG;Chagatai;Chagatai;The language of Chagatai.;ISO 639-2
CMC;ChamicLanguage;Chamic language;A Chamic language.;ISO 639-2
CHA;Chamorro;Chamorro;The language of Chamorro.;ISO 639-2
CHE;Chechen;Chechen;The language of Chechen.;ISO 639-2
CHR;Cherokee;Cherokee;The language of Cherokee.;ISO 639-2
CHY;Cheyenne;Cheyenne;The language of Cheyenne.;ISO 639-2
CHB;Chibcha;Chibcha;The language of Chibcha.;ISO 639-2
NYA;Chichewa;Chichewa / Chewa / Nyanja;The language of Chichewa / Chewa / Nyanja.;ISO 639-2
ZHO;Chinese;Chinese;The language of Chinese.;ISO 639-2/T
CHN;ChinookJargon;Chinook jargon;The language of Chinook jargon.;ISO 639-2
CHP;Chipewyan;Chipewyan / Dene Suline;The language of Chipewyan / Dene Suline.;ISO 639-2
CHO;Choctaw;Choctaw;The language of Choctaw.;ISO 639-2
CHU;ChurchSlavic;Church Slavic / Old Slavonic / Church Slavonic / Old Bulgarian / Old Church Slavonic;The language of Church Slavic / Old Slavonic / Church Slavonic / Old Bulgarian / Old Church Slavonic.;ISO 639-2
CHK;Chuukese;Chuukese;The language of Chuukese.;ISO 639-2
CHV;Chuvash;Chuvash;The language of Chuvash.;ISO 639-2
NWC;ClassicalNewari;Classical Newari / Old Newari / Classical Nepal Bhasa;The language of Classical Newari / Old Newari / Classical Nepal Bhasa.;ISO 639-2
SYC;ClassicalSyriac;Classical Syriac;The language of Classical Syriac.;ISO 639-2
COP;Coptic;Coptic;The language of Coptic.;ISO 639-2
COR;Cornish;Cornish;The language of Cornish.;ISO 639-2
COS;Corsican;Corsican;The language of Corsican.;ISO 639-2
CRE;Cree;Cree;The language of Cree.;ISO 639-2
MUS;Creek;Creek;The language of Creek.;ISO 639-2
CRP;CreolesAndPidgins;Creoles and pidgins;The language of Creoles and pidgins.;ISO 639-2
CRH;CrimeanTatar;Crimean Tatar / Crimean Turkish;The language of Crimean Tatar / Crimean Turkish.;ISO 639-2
HRV;Croatian;Croatian;The language of Croatian.;ISO 639-2
CUS;CushiticLanguage;Cushitic language;A Cushitic language.;ISO 639-2
CES;Czech;Czech;The language of Czech.;ISO 639-2/T
DAK;Dakota;Dakota;The language of Dakota.;ISO 639-2
DAN;Danish;Danish;The language of Danish.;ISO 639-2
DAR;Dargwa;Dargwa;The language of Dargwa.;ISO 639-2
DEL;Delaware;Delaware;The language of Delaware.;ISO 639-2
DIN;Dinka;Dinka;The language of Dinka.;ISO 639-2
DIV;Divehi;Divehi / Dhivehi / Maldivian;The language of Divehi / Dhivehi / Maldivian.;ISO 639-2
DOI;Dogri;Dogri;The language of Dogri.;ISO 639-2
DGR;Dogrib;Dogrib;The language of Dogrib.;ISO 639-2
DRA;DravidianLanguage;Dravidian language;A Dravidian language.;ISO 639-2
DUA;Duala;Duala;The language of Duala.;ISO 639-2
NLD;Dutch;Dutch / Flemish;The language of Dutch / Flemish.;ISO 639-2/T
DYU;Dyula;Dyula;The language of Dyula.;ISO 639-2
DZO;Dzongkha;Dzongkha;The language of Dzongkha.;ISO 639-2
FRS;EasternFrisian;Eastern Frisian;The language of Eastern Frisian.;ISO 639-2
EFI;Efik;Efik;The language of Efik.;ISO 639-2
EKA;Ekajuk;Ekajuk;The language of Ekajuk.;ISO 639-2
ELX;Elamite;Elamite;The language of Elamite.;ISO 639-2
ENG;English;English;The language of English.;ISO 639-2
CPE;EnglishBasedCreolesAndPidgins;Creoles and pidgins, English-based;The language of Creoles and pidgins, English based.;ISO 639-2
MYV;Erzya;Erzya;The language of Erzya.;ISO 639-2
EPO;Esperanto;Esperanto;The language of Esperanto.;ISO 639-2
EST;Estonian;Estonian;The language of Estonian.;ISO 639-2
EWE;Ewe;Ewe;The language of Ewe.;ISO 639-2
EWO;Ewondo;Ewondo;The language of Ewondo.;ISO 639-2
FAN;Fang;Fang;The language of Fang.;ISO 639-2
FAT;Fanti;Fanti;The language of Fanti.;ISO 639-2
FAO;Faroese;Faroese;The language of Faroese.;ISO 639-2
FIJ;Fijian;Fijian;The language of Fijian.;ISO 639-2
FIL;Filipino;Filipino / Pilipino;The language of Filipino / Pilipino.;ISO 639-2
FIN;Finnish;Finnish;The language of Finnish.;ISO 639-2
FIU;FinnoUgrianLanguage;Finno-Ugrian language;A Finno-Ugrian language.;ISO 639-2
FON;Fon;Fon;The language of Fon.;ISO 639-2
FRA;French;French;The language of French.;ISO 639-2/T
CPF;FrenchBasedCreolesAndPidgins;Creoles and pidgins, French-based;The language of Creoles and pidgins, French-based.;ISO 639-2
FUR;Friulian;Friulian;The language of Friulian.;ISO 639-2
FUL;Fulah;Fulah;The language of Fulah.;ISO 639-2
GAA;Ga;Ga;The language of Ga.;ISO 639-2
GLA;Gaelic;Gaelic / Scottish Gaelic;The language of Gaelic / Scottish Gaelic.;ISO 639-2
CAR;GalibiCarib;Galibi Carib;The language of Galibi Carib.;ISO 639-2
GLG;Galician;Galician;The language of Galician.;ISO 639-2
LUG;Ganda;Ganda;The language of Ganda.;ISO 639-2
GAY;Gayo;Gayo;The language of Gayo.;ISO 639-2
GBA;Gbaya;Gbaya;The language of Gbaya.;ISO 639-2
GEZ;Geez;Geez;The language of Geez.;ISO 639-2
KAT;Georgian;Georgian;The language of Georgian.;ISO 639-2/T
DEU;German;German;The language of German.;ISO 639-2/T
GEM;GermanicLanguage;Germanic language;A Germanic language.;ISO 639-2
GIL;Gilbertese;Gilbertese;The language of Gilbertese.;ISO 639-2
GON;Gondi;Gondi;The language of Gondi.;ISO 639-2
GOR;Gorontalo;Gorontalo;The language of Gorontalo.;ISO 639-2
GOT;Gothic;Gothic;The language of Gothic.;ISO 639-2
GRB;Grebo;Grebo;The language of Grebo.;ISO 639-2
GRN;Guarani;Guarani;The language of Guarani.;ISO 639-2
GUJ;Gujarati;Gujarati;The language of Gujarati.;ISO 639-2
GWI;Gwichin;Gwich'in;The language of Gwich'in.;ISO 639-2
HAI;Haida;Haida;The language of Haida.;ISO 639-2
HAT;Haitian;Haitian / Haitian Creole;The language of Haitian / Haitian Creole.;ISO 639-2
HAU;Hausa;Hausa;The language of Hausa.;ISO 639-2
HAW;Hawaiian;Hawaiian;The language of Hawaiian.;ISO 639-2
HEB;Hebrew;Hebrew;The language of Hebrew.;ISO 639-2
HER;Herero;Herero;The language of Herero.;ISO 639-2
HIL;Hiligaynon;Hiligaynon;The language of Hiligaynon.;ISO 639-2
HIM;HimachaliLanguage;Himachali / Western Pahari language;A Himachali / Western Pahari language.;ISO 639-2
HIN;Hindi;Hindi;The language of Hindi.;ISO 639-2
HMO;HiriMotu;Hiri Motu;The language of Hiri Motu.;ISO 639-2
HIT;Hittite;Hittite;The language of Hittite.;ISO 639-2
HMN;Hmong;Hmong / Mong;The language of Hmong / Mong.;ISO 639-2
HUN;Hungarian;Hungarian;The language of Hungarian.;ISO 639-2
HUP;Hupa;Hupa;The language of Hupa.;ISO 639-2
IBA;Iban;Iban;The language of Iban.;ISO 639-2
ISL;Icelandic;Icelandic;The language of Icelandic.;ISO 639-2/T
IDO;Ido;Ido;The language of Ido.;ISO 639-2
IBO;Igbo;Igbo;The language of Igbo.;ISO 639-2
IJO;IjoLanguage;Ijo language;An Ijo language.;ISO 639-2
ILO;Iloko;Iloko;The language of Iloko.;ISO 639-2
SMN;InariSami;Inari Sami;The language of Inari Sami.;ISO 639-2
INC;IndicLanguage;Indic language;An Indic language.;ISO 639-2
INE;IndoEuropeanLanguage;Indo-European language;An Indo-European language.;ISO 639-2
IND;Indonesian;Indonesian;The language of Indonesian.;ISO 639-2
INH;Ingush;Ingush;The language of Ingush.;ISO 639-2
INA;Interlingua;Interlingua (International Auxiliary Language Association);The language of Interlingua (International Auxiliary Language Association).;ISO 639-2
ILE;Interlingue;Interlingue / Occidental;The language of Interlingue / Occidental.;ISO 639-2
IKU;Inuktitut;Inuktitut;The language of Inuktitut.;ISO 639-2
IPK;Inupiaq;Inupiaq;The language of Inupiaq.;ISO 639-2
IRA;IranianLanguage;Iranian language;An Iranian language.;ISO 639-2
GLE;Irish;Irish;The language of Irish.;ISO 639-2
IRO;IroquoianLanguage;Iroquoian language;An Iroquoian language.;ISO 639-2
ITA;Italian;Italian;The language of Italian.;ISO 639-2
JPN;Japanese;Japanese;The language of Japanese.;ISO 639-2
JAV;Javanese;Javanese;The language of Javanese.;ISO 639-2
JRB;JudeoArabic;Judeo-Arabic;The language of Judeo-Arabic.;ISO 639-2
JPR;JudeoPersian;Judeo-Persian;The language of Judeo-Persian.;ISO 639-2
KBD;Kabardian;Kabardian;The language of Kabardian.;ISO 639-2
KAB;Kabyle;Kabyle;The language of Kabyle.;ISO 639-2
KAC;Kachin;Kachin / Jingpho;The language of Kachin / Jingpho.;ISO 639-2
KAL;Kalaallisut;Kalaallisut / Greenlandic;The language of Kalaallisut / Greenlandic.;ISO 639-2
XAL;Kalmyk;Kalmyk / Oirat;The language of Kalmyk / Oirat.;ISO 639-2
KAM;Kamba;Kamba;The language of Kamba.;ISO 639-2
KAN;Kannada;Kannada;The language of Kannada.;ISO 639-2
KAU;Kanuri;Kanuri;The language of Kanuri.;ISO 639-2
KAA;KaraKalpak;Kara-Kalpak;The language of Kara-Kalpak.;ISO 639-2
KRC;KarachayBalkar;Karachay-Balkar;The language of Karachay-Balkar.;ISO 639-2
KRL;Karelian;Karelian;The language of Karelian.;ISO 639-2
KAR;KarenLanguage;Karen language;A Karen language.;ISO 639-2
KAS;Kashmiri;Kashmiri;The language of Kashmiri.;ISO 639-2
CSB;Kashubian;Kashubian;The language of Kashubian.;ISO 639-2
KAW;Kawi;Kawi;The language of Kawi.;ISO 639-2
KAZ;Kazakh;Kazakh;The language of Kazakh.;ISO 639-2
LUO;KenyaAndTanzaniaLuo;Luo (Kenya and Tanzania);The language of Luo (Kenya and Tanzania).;ISO 639-2
KHA;Khasi;Khasi;The language of Khasi.;ISO 639-2
KHI;KhoisanLanguage;Khoisan language;A Khoisan language.;ISO 639-2
KHO;Khotanese;Khotanese / Sakan;The language of Khotanese / Sakan.;ISO 639-2
KIK;Kikuyu;Kikuyu / Gikuyu;The language of Kikuyu / Gikuyu.;ISO 639-2
KMB;Kimbundu;Kimbundu;The language of Kimbundu.;ISO 639-2
KIN;Kinyarwanda;Kinyarwanda;The language of Kinyarwanda.;ISO 639-2
KIR;Kirghiz;Kirghiz / Kyrgyz;The language of Kirghiz / Kyrgyz.;ISO 639-2
TLH;Klingon;Klingon / tlhIngan-Hol;The language of Klingon / tlhIngan-Hol.;ISO 639-2
KOM;Komi;Komi;The language of Komi.;ISO 639-2
KON;Kongo;Kongo;The language of Kongo.;ISO 639-2
KOK;Konkani;Konkani;The language of Konkani.;ISO 639-2
KOR;Korean;Korean;The language of Korean.;ISO 639-2
KOS;Kosraean;Kosraean;The language of Kosraean.;ISO 639-2
KPE;Kpelle;Kpelle;The language of Kpelle.;ISO 639-2
KRO;KruLanguage;Kru language;A Kru language.;ISO 639-2
KUA;Kuanyama;Kuanyama / Kwanyama;The language of Kuanyama / Kwanyama.;ISO 639-2
KUM;Kumyk;Kumyk;The language of Kumyk.;ISO 639-2
KUR;Kurdish;Kurdish;The language of Kurdish.;ISO 639-2
KRU;Kurukh;Kurukh;The language of Kurukh.;ISO 639-2
KUT;Kutenai;Kutenai;The language of Kutenai.;ISO 639-2
LAD;Ladino;Ladino;The language of Ladino.;ISO 639-2
LAH;Lahnda;Lahnda;The language of Lahnda.;ISO 639-2
LAM;Lamba;Lamba;The language of Lamba.;ISO 639-2
DAY;LandDayakLanguage;Land Dayak language;A Land Dayak language.;ISO 639-2
LAO;Lao;Lao;The language of Lao.;ISO 639-2
LAT;Latin;Latin;The language of Latin.;ISO 639-2
LAV;Latvian;Latvian;The language of Latvian.;ISO 639-2
LEZ;Lezghian;Lezghian;The language of Lezghian.;ISO 639-2
LIM;Limburgan;Limburgan / Limburger / Limburgish;The language of Limburgan / Limburger / Limburgish.;ISO 639-2
LIN;Lingala;Lingala;The language of Lingala.;ISO 639-2
LIT;Lithuanian;Lithuanian;The language of Lithuanian.;ISO 639-2
JBO;Lojban;Lojban;The language of Lojban.;ISO 639-2
NDS;LowGerman;Low German / Low Saxon / German, Low / Saxon, Low;The language of Low German / Low Saxon / German, Low / Saxon, Low.;ISO 639-2
DSB;LowerSorbian;Lower Sorbian;The language of Lower Sorbian.;ISO 639-2
LOZ;Lozi;Lozi;The language of Lozi.;ISO 639-2
LUB;LubaKatanga;Luba-Katanga;The language of Luba-Katanga.;ISO 639-2
LUA;LubaLulua;Luba-Lulua;The language of Luba-Lulua.;ISO 639-2
LUI;Luiseno;Luiseno;The language of Luiseno.;ISO 639-2
SMJ;LuleSami;Lule Sami;The language of Lule Sami.;ISO 639-2
LUN;Lunda;Lunda;The language of Lunda.;ISO 639-2
LUS;Lushai;Lushai;The language of Lushai.;ISO 639-2
LTZ;Luxembourgish;Luxembourgish / Letzeburgesch;The language of Luxembourgish / Letzeburgesch.;ISO 639-2
MKD;Macedonian;Macedonian;The language of Macedonian.;ISO 639-2/T
MAD;Madurese;Madurese;The language of Madurese.;ISO 639-2
MAG;Magahi;Magahi;The language of Magahi.;ISO 639-2
MAI;Maithili;Maithili;The language of Maithili.;ISO 639-2
MAK;Makasar;Makasar;The language of Makasar.;ISO 639-2
MLG;Malagasy;Malagasy;The language of Malagasy.;ISO 639-2
MSA;Malay;Malay;The language of Malay.;ISO 639-2/T
MAL;Malayalam;Malayalam;The language of Malayalam.;ISO 639-2
MLT;Maltese;Maltese;The language of Maltese.;ISO 639-2
MNC;Manchu;Manchu;The language of Manchu.;ISO 639-2
MDR;Mandar;Mandar;The language of Mandar.;ISO 639-2
MAN;Mandingo;Mandingo;The language of Mandingo.;ISO 639-2
MNI;Manipuri;Manipuri;The language of Manipuri.;ISO 639-2
MNO;ManoboLanguage;Manobo language;A Manobo language.;ISO 639-2
GLV;Manx;Manx;The language of Manx.;ISO 639-2
MRI;Maori;Maori;The language of Maori.;ISO 639-2/T
ARN;Mapudungun;Mapudungun / Mapuche;The language of Mapudungun / Mapuche.;ISO 639-2
MAR;Marathi;Marathi;The language of Marathi.;ISO 639-2
CHM;Mari;Mari;The language of Mari.;ISO 639-2
MAH;Marshallese;Marshallese;The language of Marshallese.;ISO 639-2
MWR;Marwari;Marwari;The language of Marwari.;ISO 639-2
MAS;Masai;Masai;The language of Masai.;ISO 639-2
MYN;MayanLanguage;Mayan language;A Mayan language.;ISO 639-2
MEN;Mende;Mende;The language of Mende.;ISO 639-2
MIC;Mikmaq;Mi'kmaq / Micmac;The language of Mi'kmaq / Micmac.;ISO 639-2
MIN;Minangkabau;Minangkabau;The language of Minangkabau.;ISO 639-2
MWL;Mirandese;Mirandese;The language of Mirandese.;ISO 639-2
ELL;ModernGreek;Greek, Modern (1453-);The language of Greek, Modern (1453-).;ISO 639-2/T
MOH;Mohawk;Mohawk;The language of Mohawk.;ISO 639-2
MDF;Moksha;Moksha;The language of Moksha.;ISO 639-2
MKH;MonKhmerLanguage;Mon-Khmer language;A Mon-Khmer language.;ISO 639-2
LOL;Mongo;Mongo;The language of Mongo.;ISO 639-2
MON;Mongolian;Mongolian;The language of Mongolian.;ISO 639-2
MOS;Mossi;Mossi;The language of Mossi.;ISO 639-2
MUN;MundaLanguage;Munda language;A Munda language.;ISO 639-2
NQO;NKo;N'Ko;The language of N'Ko.;ISO 639-2
NAH;NahuatlLanguage;Nahuatl language;A Nahuatl language.;ISO 639-2
NAU;Nauru;Nauru;The language of Nauru.;ISO 639-2
NAV;Navajo;Navajo / Navaho;The language of Navajo / Navaho.;ISO 639-2
NDO;Ndonga;Ndonga;The language of Ndonga.;ISO 639-2
NAP;Neapolitan;Neapolitan;The language of Neapolitan.;ISO 639-2
NEW;NepalBhasa;Nepal Bhasa / Newari;The language of Nepal Bhasa / Newari.;ISO 639-2
NEP;Nepali;Nepali;The language of Nepali.;ISO 639-2
NIA;Nias;Nias;The language of Nias.;ISO 639-2
NIC;NigerKordofanianLanguage;Niger-Kordofanian language;A Niger-Kordofanian language.;ISO 639-2
SSA;NiloSaharanLanguage;Nilo-Saharan language;A Nilo-Saharan language.;ISO 639-2
NIU;Niuean;Niuean;The language of Niuean.;ISO 639-2
NOG;Nogai;Nogai;The language of Nogai.;ISO 639-2
NAI;NorthAmericanIndianLanguage;North American Indian language;A North American Indian language.;ISO 639-2
NDE;NorthNdebele;Ndebele, North / North Ndebele;The language of Ndebele, North / North Ndebele.;ISO 639-2
FRR;NorthernFrisian;Northern Frisian;The language of Northern Frisian.;ISO 639-2
SME;NorthernSami;Northern Sami;The language of Northern Sami.;ISO 639-2
NOR;Norwegian;Norwegian;The language of Norwegian.;ISO 639-2
NOB;NorwegianBokmal;Bokmal, Norwegian / Norwegian Bokmal;The language of Bokmal, Norwegian / Norwegian Bokmal.;ISO 639-2
NNO;NorwegianNynorsk;Norwegian Nynorsk / Nynorsk, Norwegian;The language of Norwegian Nynorsk / Nynorsk, Norwegian.;ISO 639-2
NUB;NubianLanguage;Nubian language;A Nubian language.;ISO 639-2
NYM;Nyamwezi;Nyamwezi;The language of Nyamwezi.;ISO 639-2
NYN;Nyankole;Nyankole;The language of Nyankole.;ISO 639-2
TOG;NyasaTonga;Tonga (Nyasa);The language of Tonga (Nyasa).;ISO 639-2
NYO;Nyoro;Nyoro;The language of Nyoro.;ISO 639-2
NZI;Nzima;Nzima;The language of Nzima.;ISO 639-2
OCI;Occitan;Occitan (post 1500);The language of Occitan (post 1500).;ISO 639-2
OJI;Ojibwa;Ojibwa;The language of Ojibwa.;ISO 639-2
NON;OldNorse;Norse, Old;The language of Norse, Old.;ISO 639-2
ORI;Oriya;Oriya;The language of Oriya.;ISO 639-2
ORM;Oromo;Oromo;The language of Oromo.;ISO 639-2
OSA;Osage;Osage;The language of Osage.;ISO 639-2
OSS;Ossetian;Ossetian / Ossetic;The language of Ossetian / Ossetic.;ISO 639-2
OTO;OtomianLanguage;Otomian language;A Otomian language.;ISO 639-2
PAL;Pahlavi;Pahlavi;The language of Pahlavi.;ISO 639-2
PAU;Palauan;Palauan;The language of Palauan.;ISO 639-2
PLI;Pali;Pali;The language of Pali.;ISO 639-2
PAM;Pampanga;Pampanga / Kapampangan;The language of Pampanga / Kapampangan.;ISO 639-2
PAG;Pangasinan;Pangasinan;The language of Pangasinan.;ISO 639-2
PAN;Panjabi;Panjabi / Punjabi;The language of Panjabi / Punjabi.;ISO 639-2
PAP;Papiamento;Papiamento;The language of Papiamento.;ISO 639-2
PAA;PapuanLanguage;Papuan language;A Papuan language.;ISO 639-2
NSO;Pedi;Pedi / Sepedi / Northern Sotho;The language of Pedi / Sepedi / Northern Sotho.;ISO 639-2
FAS;Persian;Persian;The language of Persian.;ISO 639-2/T
PHI;PhilippineLanguage;Philippine language;A Philippine language.;ISO 639-2
PHN;Phoenician;Phoenician;The language of Phoenician.;ISO 639-2
PON;Pohnpeian;Pohnpeian;The language of Pohnpeian.;ISO 639-2
POL;Polish;Polish;The language of Polish.;ISO 639-2
POR;Portuguese;Portuguese;The language of Portuguese.;ISO 639-2
CPP;PortugueseBasedCreolesAndPidgins;Creoles and pidgins, Portuguese-based;The language of Creoles and pidgins, Portuguese-based.;ISO 639-2
PRA;PrakritLanguage;Prakrit language;A Prakrit language.;ISO 639-2
PUS;Pushto;Pushto / Pashto;The language of Pushto / Pashto.;ISO 639-2
QUE;Quechua;Quechua;The language of Quechua.;ISO 639-2
RAJ;Rajasthani;Rajasthani;The language of Rajasthani.;ISO 639-2
RAP;Rapanui;Rapanui;The language of Rapanui.;ISO 639-2
RAR;Rarotongan;Rarotongan / Cook Islands Maori;The language of Rarotongan / Cook Islands Maori.;ISO 639-2
ROA;RomanceLanguage;Romance language;A Romance language.;ISO 639-2
RON;Romanian;Romanian;The language of Romanian.;ISO 639-2/T
ROH;Romansh;Romansh;The language of Romansh.;ISO 639-2
ROM;Romany;Romany;The language of Romany.;ISO 639-2
RUN;Rundi;Rundi;The language of Rundi.;ISO 639-2
RUS;Russian;Russian;The language of Russian.;ISO 639-2
SAL;SalishanLanguage;Salishan language;A Salishan language.;ISO 639-2
SAM;SamaritanAramaic;Samaritan Aramaic;The language of Samaritan Aramaic.;ISO 639-2
SMI;SamiLanguage;Sami language;A Sami language.;ISO 639-2
SMO;Samoan;Samoan;The language of Samoan.;ISO 639-2
SAD;Sandawe;Sandawe;The language of Sandawe.;ISO 639-2
SAG;Sango;Sango;The language of Sango.;ISO 639-2
SAN;Sanskrit;Sanskrit;The language of Sanskrit.;ISO 639-2
SAT;Santali;Santali;The language of Santali.;ISO 639-2
SRD;Sardinian;Sardinian;The language of Sardinian.;ISO 639-2
SAS;Sasak;Sasak;The language of Sasak.;ISO 639-2
SCO;Scots;Scots;The language of Scots.;ISO 639-2
SEL;Selkup;Selkup;The language of Selkup.;ISO 639-2
SEM;SemiticLanguage;Semitic language;A Semitic language.;ISO 639-2
SRP;Serbian;Serbian;The language of Serbian.;ISO 639-2
SRR;Serer;Serer;The language of Serer.;ISO 639-2
SHN;Shan;Shan;The language of Shan.;ISO 639-2
SNA;Shona;Shona;The language of Shona.;ISO 639-2
III;SichuanYi;Sichuan Yi / Nuosu;The language of Sichuan Yi / Nuosu.;ISO 639-2
SCN;Sicilian;Sicilian;The language of Sicilian.;ISO 639-2
SID;Sidamo;Sidamo;The language of Sidamo.;ISO 639-2
SGN;SignLanguage;Sign Language;A sign language.;ISO 639-2
BLA;Siksika;Siksika;The language of Siksika.;ISO 639-2
SND;Sindhi;Sindhi;The language of Sindhi.;ISO 639-2
SIN;Sinhala;Sinhala / Sinhalese;The language of Sinhala / Sinhalese.;ISO 639-2
SIT;SinoTibetanLanguage;Sino-Tibetan language;A Sino-Tibetan language.;ISO 639-2
SIO;SiouanLanguage;Siouan language;A Siouan language.;ISO 639-2
SMS;SkoltSami;Skolt Sami;The language of Skolt Sami.;ISO 639-2
SLA;SlavicLanguage;Slavic language;A Slavic language.;ISO 639-2
SLK;Slovak;Slovak;The language of Slovak.;ISO 639-2/T
SLV;Slovenian;Slovenian;The language of Slovenian.;ISO 639-2
SOG;Sogdian;Sogdian;The language of Sogdian.;ISO 639-2
SOM;Somali;Somali;The language of Somali.;ISO 639-2
SON;SonghaiLanguage;Songhai language;A Songhai language.;ISO 639-2
SNK;Soninke;Soninke;The language of Soninke.;ISO 639-2
WEN;SorbianLanguage;Sorbian language;A Sorbian language.;ISO 639-2
SAI;SouthAmericanIndianLanguage;South American Indian language;A South American Indian language.;ISO 639-2
NBL;SouthNdebele;Ndebele, South / South Ndebele;The language of Ndebele, South / South Ndebele.;ISO 639-2
ALT;SouthernAltai;Southern Altai;The language of Southern Altai.;ISO 639-2
SMA;SouthernSami;Southern Sami;The language of Southern Sami.;ISO 639-2
SOT;SouthernSotho;Sotho, Southern;The language of Sotho, Southern.;ISO 639-2
SPA;Spanish;Spanish / Castilian;The language of Spanish / Castilian.;ISO 639-2
SRN;SrananTongo;Sranan Tongo;The language of Sranan Tongo.;ISO 639-2
ZGH;StandardMoroccanTamazight;Standard Moroccan Tamazight;The language of Standard Moroccan Tamazight.;ISO 639-2
SUK;Sukuma;Sukuma;The language of Sukuma.;ISO 639-2
SUX;Sumerian;Sumerian;The language of Sumerian.;ISO 639-2
SUN;Sundanese;Sundanese;The language of Sundanese.;ISO 639-2
SUS;Susu;Susu;The language of Susu.;ISO 639-2
SWA;Swahili;Swahili;The language of Swahili.;ISO 639-2
SSW;Swati;Swati;The language of Swati.;ISO 639-2
SWE;Swedish;Swedish;The language of Swedish.;ISO 639-2
GSW;SwissGerman;Swiss German / Alemannic / Alsatian;The language of Swiss German / Alemannic / Alsatian.;ISO 639-2
SYR;Syriac;Syriac;The language of Syriac.;ISO 639-2
TGL;Tagalog;Tagalog;The language of Tagalog.;ISO 639-2
TAH;Tahitian;Tahitian;The language of Tahitian.;ISO 639-2
TAI;TaiLanguage;Tai language;A Tai language.;ISO 639-2
TGK;Tajik;Tajik;The language of Tajik.;ISO 639-2
TMH;Tamashek;Tamashek;The language of Tamashek.;ISO 639-2
TAM;Tamil;Tamil;The language of Tamil.;ISO 639-2
TAT;Tatar;Tatar;The language of Tatar.;ISO 639-2
TEL;Telugu;Telugu;The language of Telugu.;ISO 639-2
TER;Tereno;Tereno;The language of Tereno.;ISO 639-2
TET;Tetum;Tetum;The language of Tetum.;ISO 639-2
THA;Thai;Thai;The language of Thai.;ISO 639-2
BOD;Tibetan;Tibetan;The language of Tibetan.;ISO 639-2/T
TIG;Tigre;Tigre;The language of Tigre.;ISO 639-2
TIR;Tigrinya;Tigrinya;The language of Tigrinya.;ISO 639-2
TEM;Timne;Timne;The language of Timne.;ISO 639-2
TIV;Tiv;Tiv;The language of Tiv.;ISO 639-2
TLI;Tlingit;Tlingit;The language of Tlingit.;ISO 639-2
TPI;TokPisin;Tok Pisin;The language of Tok Pisin.;ISO 639-2
TKL;Tokelau;Tokelau;The language of Tokelau.;ISO 639-2
TON;TongaIslandsTonga;Tonga (Tonga Islands);The language of Tonga (Tonga Islands).;ISO 639-2
TSI;Tsimshian;Tsimshian;The language of Tsimshian.;ISO 639-2
TSO;Tsonga;Tsonga;The language of Tsonga.;ISO 639-2
TSN;Tswana;Tswana;The language of Tswana.;ISO 639-2
TUM;Tumbuka;Tumbuka;The language of Tumbuka.;ISO 639-2
TUP;TupiLanguage;Tupi language;A Tupi language.;ISO 639-2
TUR;Turkish;Turkish;The language of Turkish.;ISO 639-2
TUK;Turkmen;Turkmen;The language of Turkmen.;ISO 639-2
TVL;Tuvalu;Tuvalu;The language of Tuvalu.;ISO 639-2
TYV;Tuvinian;Tuvinian;The language of Tuvinian.;ISO 639-2
TWI;Twi;Twi;The language of Twi.;ISO 639-2
UDM;Udmurt;Udmurt;The language of Udmurt.;ISO 639-2
UGA;Ugaritic;Ugaritic;The language of Ugaritic.;ISO 639-2
UIG;Uighur;Uighur / Uyghur;The language of Uighur / Uyghur.;ISO 639-2
UKR;Ukrainian;Ukrainian;The language of Ukrainian.;ISO 639-2
UMB;Umbundu;Umbundu;The language of Umbundu.;ISO 639-2
MIS;UncodedLanguage;Uncoded language;An uncoded language.;ISO 639-2
HSB;UpperSorbian;Upper Sorbian;The language of Upper Sorbian.;ISO 639-2
URD;Urdu;Urdu;The language of Urdu.;ISO 639-2
UZB;Uzbek;Uzbek;The language of Uzbek.;ISO 639-2
VAI;Vai;Vai;The language of Vai.;ISO 639-2
VEN;Venda;Venda;The language of Venda.;ISO 639-2
VIE;Vietnamese;Vietnamese;The language of Vietnamese.;ISO 639-2
VOL;Volapuk;Volapuk;The language of Volapuk.;ISO 639-2
VOT;Votic;Votic;The language of Votic.;ISO 639-2
WAK;WakashanLanguage;Wakashan language;A Wakashan language.;ISO 639-2
WLN;Walloon;Walloon;The language of Walloon.;ISO 639-2
WAR;Waray;Waray;The language of Waray.;ISO 639-2
WAS;Washo;Washo;The language of Washo.;ISO 639-2
CYM;Welsh;Welsh;The language of Welsh.;ISO 639-2/T
FRY;WesternFrisian;Western Frisian;The language of Western Frisian.;ISO 639-2
WAL;Wolaitta;Wolaitta / Wolaytta;The language of Wolaitta / Wolaytta.;ISO 639-2
WOL;Wolof;Wolof;The language of Wolof.;ISO 639-2
XHO;Xhosa;Xhosa;The language of Xhosa.;ISO 639-2
SAH;Yakut;Yakut;The language of Yakut.;ISO 639-2
YAO;Yao;Yao;The language of Yao.;ISO 639-2
YAP;Yapese;Yapese;The language of Yapese.;ISO 639-2
YID;Yiddish;Yiddish;The language of Yiddish.;ISO 639-2
YOR;Yoruba;Yoruba;The language of Yoruba.;ISO 639-2
YPK;YupikLanguage;Yupik language;A Yupik language.;ISO 639-2
ZND;ZandeLanguage;Zande language;A Zande language.;ISO 639-2
ZAP;Zapotec;Zapotec;The language of Zapotec.;ISO 639-2
ZZA;Zaza;Zaza / Dimili / Dimli / Kirdki / Kirmanjki / Zazaki;The language of Zaza / Dimili / Dimli / Kirdki / Kirmanjki / Zazaki.;ISO 639-2
ZEN;Zenaga;Zenaga;The language of Zenaga.;ISO 639-2
ZHA;Zhuang;Zhuang / Chuang;The language of Zhuang / Chuang.;ISO 639-2
ZUL;Zulu;Zulu;The language of Zulu.;ISO 639-2
ZUN;Zuni;Zuni;The language of Zuni.;ISO 639-2
