PhysicalName;LogicalName;DisplayName;Documentation;source
AFG;Afghanistan;Afghanistan;;ISO 3166-1
ALA;AlandIslands;Åland Islands;;ISO 3166-1
ALB;Albania;Albania;;ISO 3166-1
DZA;Algeria;Algeria;;ISO 3166-1
ASM;AmericanSamoa;American Samoa;;ISO 3166-1
AND;Andorra;Andorra;;ISO 3166-1
AGO;Angola;Angola;;ISO 3166-1
AIA;Anguilla;Anguilla;;ISO 3166-1
ATA;Antarctica;Antarctica;;ISO 3166-1
ATG;AntiguaAndBarbuda;Antigua and Barbuda;;ISO 3166-1
ARG;Argentina;Argentina;;ISO 3166-1
ARM;Armenia;Armenia;;ISO 3166-1
ABW;Aruba;Aruba;;ISO 3166-1
AUS;Australia;Australia;;ISO 3166-1
AUT;Austria;Austria;;ISO 3166-1
AZE;Azerbaijan;Azerbaijan;;ISO 3166-1
BHS;Bahamas;Bahamas (the);;ISO 3166-1
BHR;Bahrain;Bahrain;;ISO 3166-1
BGD;Bangladesh;Bangladesh;;ISO 3166-1
BRB;Barbados;Barbados;;ISO 3166-1
BLR;Belarus;Belarus;;ISO 3166-1
BEL;Belgium;Belgium;;ISO 3166-1
BLZ;Belize;Belize;;ISO 3166-1
BEN;Benin;Benin;;ISO 3166-1
BMU;Bermuda;Bermuda;;ISO 3166-1
BTN;Bhutan;Bhutan;;ISO 3166-1
VEN;BolivarianRepublicOfVenezuela;Venezuela (Bolivarian Republic of);;ISO 3166-1
BES;BonaireSintEustatiusAndSaba;Bonaire, Sint Eustatius and Saba;;ISO 3166-1
BIH;BosniaAndHerzegovina;Bosnia and Herzegovina;;ISO 3166-1
BWA;Botswana;Botswana;;ISO 3166-1
BVT;BouvetIsland;Bouvet Island;;ISO 3166-1
BRA;Brazil;Brazil;;ISO 3166-1
IOT;BritishIndianOceanTerritory;British Indian Ocean Territory (the);;ISO 3166-1
BRN;BruneiDarussalam;Brunei Darussalam;;ISO 3166-1
BGR;Bulgaria;Bulgaria;;ISO 3166-1
BFA;BurkinaFaso;Burkina Faso;;ISO 3166-1
BDI;Burundi;Burundi;;ISO 3166-1
CPV;CaboVerde;Cabo Verde;;ISO 3166-1
KHM;Cambodia;Cambodia;;ISO 3166-1
CMR;Cameroon;Cameroon;;ISO 3166-1
CAN;Canada;Canada;;ISO 3166-1
CYM;CaymanIslands;Cayman Islands (the);;ISO 3166-1
CAF;CentralAfricanRepublic;Central African Republic (the);;ISO 3166-1
TCD;Chad;Chad;;ISO 3166-1
CHL;Chile;Chile;;ISO 3166-1
CHN;China;China;;ISO 3166-1
CXR;ChristmasIsland;Christmas Island;;ISO 3166-1
CCK;CocosKeelingIslands;Cocos (Keeling) Islands (the);;ISO 3166-1
COL;Colombia;Colombia;;ISO 3166-1
COM;Comoros;Comoros (the);;ISO 3166-1
COG;Congo;Congo (the);;ISO 3166-1
COK;CookIslands;Cook Islands (the);;ISO 3166-1
CRI;CostaRica;Costa Rica;;ISO 3166-1
CIV;CoteDIvoire;Côte d'Ivoire;;ISO 3166-1
HRV;Croatia;Croatia;;ISO 3166-1
CUB;Cuba;Cuba;;ISO 3166-1
CUW;Curacao;Curaçao;;ISO 3166-1
CYP;Cyprus;Cyprus;;ISO 3166-1
CZE;CzechRepublic;Czech Republic (the);;ISO 3166-1
PRK;DemocraticPeoplesRepublicOfKorea;Korea (the Democratic People's Republic of);;ISO 3166-1
COD;DemocraticRepublicOfTheCongo;Congo (the Democratic Republic of the);;ISO 3166-1
DNK;Denmark;Denmark;;ISO 3166-1
DJI;Djibouti;Djibouti;;ISO 3166-1
DMA;Dominica;Dominica;;ISO 3166-1
DOM;DominicanRepublic;Dominican Republic (the);;ISO 3166-1
ECU;Ecuador;Ecuador;;ISO 3166-1
EGY;Egypt;Egypt;;ISO 3166-1
SLV;ElSalvador;El Salvador;;ISO 3166-1
GNQ;EquatorialGuinea;Equatorial Guinea;;ISO 3166-1
ERI;Eritrea;Eritrea;;ISO 3166-1
EST;Estonia;Estonia;;ISO 3166-1
ETH;Ethiopia;Ethiopia;;ISO 3166-1
FLK;FalklandIslandsMalvinas;Falkland Islands (the) [Malvinas];;ISO 3166-1
FRO;FaroeIslands;Faroe Islands (the);;ISO 3166-1
FSM;FederatedStatesOfMicronesia;Micronesia (Federated States of);;ISO 3166-1
FJI;Fiji;Fiji;;ISO 3166-1
FIN;Finland;Finland;;ISO 3166-1
MKD;FormerYugoslavRepublicOfMacedonia;Macedonia (the former Yugoslav Republic of);;ISO 3166-1
FRA;France;France;;ISO 3166-1
GUF;FrenchGuiana;French Guiana;;ISO 3166-1
PYF;FrenchPolynesia;French Polynesia;;ISO 3166-1
ATF;FrenchSouthernTerritories;French Southern Territories (the);;ISO 3166-1
GAB;Gabon;Gabon;;ISO 3166-1
GMB;Gambia;Gambia (the);;ISO 3166-1
GEO;Georgia;Georgia;;ISO 3166-1
DEU;Germany;Germany;;ISO 3166-1
GHA;Ghana;Ghana;;ISO 3166-1
GIB;Gibraltar;Gibraltar;;ISO 3166-1
GRC;Greece;Greece;;ISO 3166-1
GRL;Greenland;Greenland;;ISO 3166-1
GRD;Grenada;Grenada;;ISO 3166-1
GLP;Guadeloupe;Guadeloupe;;ISO 3166-1
GUM;Guam;Guam;;ISO 3166-1
GTM;Guatemala;Guatemala;;ISO 3166-1
GGY;Guernsey;Guernsey;;ISO 3166-1
GIN;Guinea;Guinea;;ISO 3166-1
GNB;GuineaBissau;Guinea-Bissau;;ISO 3166-1
GUY;Guyana;Guyana;;ISO 3166-1
HTI;Haiti;Haiti;;ISO 3166-1
HMD;HeardIslandAndMcDonaldIslands;Heard Island and McDonald Islands;;ISO 3166-1
VAT;HolySee;Holy See (the);;ISO 3166-1
HND;Honduras;Honduras;;ISO 3166-1
HKG;HongKong;Hong Kong;;ISO 3166-1
HUN;Hungary;Hungary;;ISO 3166-1
ISL;Iceland;Iceland;;ISO 3166-1
IND;India;India;;ISO 3166-1
IDN;Indonesia;Indonesia;;ISO 3166-1
IRQ;Iraq;Iraq;;ISO 3166-1
IRL;Ireland;Ireland;;ISO 3166-1
IRN;IslamicRepublicOfIran;Iran (Islamic Republic of);;ISO 3166-1
IMN;IsleOfMan;Isle of Man;;ISO 3166-1
ISR;Israel;Israel;;ISO 3166-1
ITA;Italy;Italy;;ISO 3166-1
JAM;Jamaica;Jamaica;;ISO 3166-1
JPN;Japan;Japan;;ISO 3166-1
JEY;Jersey;Jersey;;ISO 3166-1
JOR;Jordan;Jordan;;ISO 3166-1
KAZ;Kazakhstan;Kazakhstan;;ISO 3166-1
KEN;Kenya;Kenya;;ISO 3166-1
KIR;Kiribati;Kiribati;;ISO 3166-1
KWT;Kuwait;Kuwait;;ISO 3166-1
KGZ;Kyrgyzstan;Kyrgyzstan;;ISO 3166-1
LAO;LaoPeoplesDemocraticRepublic;Lao People's Democratic Republic (the);;ISO 3166-1
LVA;Latvia;Latvia;;ISO 3166-1
LBN;Lebanon;Lebanon;;ISO 3166-1
LSO;Lesotho;Lesotho;;ISO 3166-1
LBR;Liberia;Liberia;;ISO 3166-1
LBY;Libya;Libya;;ISO 3166-1
LIE;Liechtenstein;Liechtenstein;;ISO 3166-1
LTU;Lithuania;Lithuania;;ISO 3166-1
LUX;Luxembourg;Luxembourg;;ISO 3166-1
MAC;Macao;Macao;;ISO 3166-1
MDG;Madagascar;Madagascar;;ISO 3166-1
MWI;Malawi;Malawi;;ISO 3166-1
MYS;Malaysia;Malaysia;;ISO 3166-1
MDV;Maldives;Maldives;;ISO 3166-1
MLI;Mali;Mali;;ISO 3166-1
MLT;Malta;Malta;;ISO 3166-1
MHL;MarshallIslands;Marshall Islands (the);;ISO 3166-1
MTQ;Martinique;Martinique;;ISO 3166-1
MRT;Mauritania;Mauritania;;ISO 3166-1
MUS;Mauritius;Mauritius;;ISO 3166-1
MYT;Mayotte;Mayotte;;ISO 3166-1
MEX;Mexico;Mexico;;ISO 3166-1
MCO;Monaco;Monaco;;ISO 3166-1
MNG;Mongolia;Mongolia;;ISO 3166-1
MNE;Montenegro;Montenegro;;ISO 3166-1
MSR;Montserrat;Montserrat;;ISO 3166-1
MAR;Morocco;Morocco;;ISO 3166-1
MOZ;Mozambique;Mozambique;;ISO 3166-1
MMR;Myanmar;Myanmar;;ISO 3166-1
NAM;Namibia;Namibia;;ISO 3166-1
NRU;Nauru;Nauru;;ISO 3166-1
NPL;Nepal;Nepal;;ISO 3166-1
NLD;Netherlands;Netherlands (the);;ISO 3166-1
NCL;NewCaledonia;New Caledonia;;ISO 3166-1
NZL;NewZealand;New Zealand;;ISO 3166-1
NIC;Nicaragua;Nicaragua;;ISO 3166-1
NER;Niger;Niger (the);;ISO 3166-1
NGA;Nigeria;Nigeria;;ISO 3166-1
NIU;Niue;Niue;;ISO 3166-1
NFK;NorfolkIsland;Norfolk Island;;ISO 3166-1
MNP;NorthernMarianaIslands;Northern Mariana Islands (the);;ISO 3166-1
NOR;Norway;Norway;;ISO 3166-1
OMN;Oman;Oman;;ISO 3166-1
PAK;Pakistan;Pakistan;;ISO 3166-1
PLW;Palau;Palau;;ISO 3166-1
PAN;Panama;Panama;;ISO 3166-1
PNG;PapuaNewGuinea;Papua New Guinea;;ISO 3166-1
PRY;Paraguay;Paraguay;;ISO 3166-1
PER;Peru;Peru;;ISO 3166-1
PHL;Philippines;Philippines (the);;ISO 3166-1
PCN;Pitcairn;Pitcairn;;ISO 3166-1
BOL;PlurinationalStateOfBolivia;Bolivia (Plurinational State of);;ISO 3166-1
POL;Poland;Poland;;ISO 3166-1
PRT;Portugal;Portugal;;ISO 3166-1
PRI;PuertoRico;Puerto Rico;;ISO 3166-1
QAT;Qatar;Qatar;;ISO 3166-1
KOR;RepublicOfKorea;Korea (the Republic of);;ISO 3166-1
MDA;RepublicOfMoldova;Moldova (the Republic of);;ISO 3166-1
REU;Reunion;Réunion;;ISO 3166-1
ROU;Romania;Romania;;ISO 3166-1
RUS;RussianFederation;Russian Federation (the);;ISO 3166-1
RWA;Rwanda;Rwanda;;ISO 3166-1
BLM;SaintBarthelemy;Saint Barthélemy;;ISO 3166-1
SHN;SaintHelenaAscensionAndTristanDaCunha;Saint Helena, Ascension and Tristan da Cunha;;ISO 3166-1
KNA;SaintKittsAndNevis;Saint Kitts and Nevis;;ISO 3166-1
LCA;SaintLucia;Saint Lucia;;ISO 3166-1
MAF;SaintMartinFrenchPart;Saint Martin (French part);;ISO 3166-1
SPM;SaintPierreAndMiquelon;Saint Pierre and Miquelon;;ISO 3166-1
VCT;SaintVincentAndTheGrenadines;Saint Vincent and the Grenadines;;ISO 3166-1
WSM;Samoa;Samoa;;ISO 3166-1
SMR;SanMarino;San Marino;;ISO 3166-1
STP;SaoTomeAndPrincipe;Sao Tome and Principe;;ISO 3166-1
SAU;SaudiArabia;Saudi Arabia;;ISO 3166-1
SEN;Senegal;Senegal;;ISO 3166-1
SRB;Serbia;Serbia;;ISO 3166-1
SYC;Seychelles;Seychelles;;ISO 3166-1
SLE;SierraLeone;Sierra Leone;;ISO 3166-1
SGP;Singapore;Singapore;;ISO 3166-1
SXM;SintMaartenDutchPart;Sint Maarten (Dutch part);;ISO 3166-1
SVK;Slovakia;Slovakia;;ISO 3166-1
SVN;Slovenia;Slovenia;;ISO 3166-1
SLB;SolomonIslands;Solomon Islands;;ISO 3166-1
SOM;Somalia;Somalia;;ISO 3166-1
ZAF;SouthAfrica;South Africa;;ISO 3166-1
SGS;SouthGeorgiaAndTheSouthSandwichIslands;South Georgia and the South Sandwich Islands;;ISO 3166-1
SSD;SouthSudan;South Sudan;;ISO 3166-1
ESP;Spain;Spain;;ISO 3166-1
LKA;SriLanka;Sri Lanka;;ISO 3166-1
PSE;StateOfPalestine;Palestine, State of;;ISO 3166-1
SDN;Sudan;Sudan (the);;ISO 3166-1
SUR;Suriname;Suriname;;ISO 3166-1
SJM;SvalbardAndJanMayen;Svalbard and Jan Mayen;;ISO 3166-1
SWZ;Swaziland;Swaziland;;ISO 3166-1
SWE;Sweden;Sweden;;ISO 3166-1
CHE;Switzerland;Switzerland;;ISO 3166-1
SYR;SyrianArabRepublic;Syrian Arab Republic;;ISO 3166-1
TWN;TaiwanProvinceOfChina;Taiwan (Province of China);;ISO 3166-1
TJK;Tajikistan;Tajikistan;;ISO 3166-1
THA;Thailand;Thailand;;ISO 3166-1
TLS;TimorLeste;Timor-Leste;;ISO 3166-1
TGO;Togo;Togo;;ISO 3166-1
TKL;Tokelau;Tokelau;;ISO 3166-1
TON;Tonga;Tonga;;ISO 3166-1
TTO;TrinidadAndTobago;Trinidad and Tobago;;ISO 3166-1
TUN;Tunisia;Tunisia;;ISO 3166-1
TUR;Turkey;Turkey;;ISO 3166-1
TKM;Turkmenistan;Turkmenistan;;ISO 3166-1
TCA;TurksAndCaicosIslands;Turks and Caicos Islands (the);;ISO 3166-1
TUV;Tuvalu;Tuvalu;;ISO 3166-1
UGA;Uganda;Uganda;;ISO 3166-1
UKR;Ukraine;Ukraine;;ISO 3166-1
ARE;UnitedArabEmirates;United Arab Emirates (the);;ISO 3166-1
GBR;UnitedKingdomOfGreatBritainAndNorthernIreland;United Kingdom of Great Britain and Northern Ireland (the);;ISO 3166-1
TZA;UnitedRepublicOfTanzania;Tanzania, United Republic of;;ISO 3166-1
UMI;UnitedStatesMinorOutlyingIslands;United States Minor Outlying Islands (the);;ISO 3166-1
USA;UnitedStatesOfAmerica;United States of America (the);;ISO 3166-1
URY;Uruguay;Uruguay;;ISO 3166-1
UZB;Uzbekistan;Uzbekistan;;ISO 3166-1
VUT;Vanuatu;Vanuatu;;ISO 3166-1
VNM;VietNam;Viet Nam;;ISO 3166-1
VGB;VirginIslandsBritish;Virgin Islands (British);;ISO 3166-1
VIR;VirginIslandsUS;Virgin Islands (U.S.);;ISO 3166-1
WLF;WallisAndFutuna;Wallis and Futuna;;ISO 3166-1
ESH;WesternSahara;Western Sahara;;ISO 3166-1
YEM;Yemen;Yemen;;ISO 3166-1
ZMB;Zambia;Zambia;;ISO 3166-1
ZWE;Zimbabwe;Zimbabwe;;ISO 3166-1
