PhysicalName;LogicalName;DisplayName;Documentation;source
ADDSTY;AdditionalSensitivity;Additional sensitivity;Used to indicate the sensitive nature of certain information not conveyed by the Ownership or Classification, meaning that it is subject to additional stringent security regulations and procedures.;ADatP-4774
ADMIN;Administrative;Administrative;Used to indicate discretionary handling according to local, non-automated procedures or provide guidance about the disposition of information.;ADatP-4774
CONTXT;Context;Context;Used in combination with the Governing Security Policy context to indicate the "Ownership" of information.;ADatP-4774
ONLY;Only;Only;Used to restrict or limit the dissemination of information to specific entities and a sub-set of the entities within the context for which that information was created.;ADatP-4774
RELTO;ReleasableTo;Releasable to;Used to expand the dissemination of information to additional entities outside of the context for which that information was created.;ADatP-4774
