PhysicalName;LogicalName;DisplayName;Documentation;source
1;Unclassified;Unclassified;Unauthorised disclosure would not be detrimental to the interests or effectiveness of the organisation referenced in the policy.;AC/322(SC/4)WP/054-REV1 (INV) 15 Dec 2003 - Def MIP-NDAG
2;Restricted;Restricted;Unauthorised disclosure would be detrimental to the interests or effectiveness of the organisation referenced in the policy.;AC/322(SC/4)WP/054-REV1 (INV) 15 Dec 2003 - Def C-M(2002)49
3;Confidential;Confidential;Unauthorised disclosure would be damaging to the organisation referenced in the policy.;AC/322(SC/4)WP/054-REV1 (INV) 15 Dec 2003 - Def C-M(2002)49
4;Secret;Secret;Unauthorised disclosure would result in grave damage to the organisation referenced in the policy.;AC/322(SC/4)WP/054-REV1 (INV) 15 Dec 2003 - Def C-M(2002)49
5;TopSecret;Top secret;Unauthorised disclosure would result in exceptionally grave damage to the organisation referenced in the policy.;AC/322(SC/4)WP/054-REV1 (INV) 15 Dec 2003 - Def C-M(2002)49
